0,0,1,0,1,0,-1,0,0,0.5,0,0.5,0
0,0,1,0,1,0,-1,0,0,0.50001,0,0.5,0
0,0,1,0,1,0,-1,0,0,0.50002,0,0.49999,0
0,0,1,0,1,0,-1,0,0,0.50005,0,0.49998,0
0,0,1,0,1,0,-1,0,0,0.5001,0,0.49996,0
0,0,1,0,1,0,-1,0,0,0.50015,0,0.49993,0
0,0,1,0,1,0,-1,0,0,0.50021,0,0.4999,0
0,0,1,0,1,0,-1,0,0,0.50029,0,0.49987,0
0,0,1,0,1,0,-1,0,0,0.50038,0,0.49983,0
0,0,1,0,1,0,-1,0,0,0.50048,0,0.49978,0
0,0,1,0,1,0,-1,0,0,0.50059,0,0.49973,0
0,0,1,0,1,0,-1,0,0,0.50072,0,0.49968,0
0,0,1,0,1,0,-1,0,0,0.50085,0,0.49962,0
0,0,1,0,1,0,-1,0,0,0.501,0,0.49955,0
0,0,1,0,1,0,-1,0,0,0.50115,0,0.49948,0
0,0,1,0,1,0,-1,0,0,0.50132,0,0.4994,0
0,0,1,0,1,0,-1,0,0,0.5015,0,0.49932,0
0,0,1,0,1,0,-1,0,0,0.50169,0,0.49924,0
0,0,1,0,1,0,-1,0,0,0.5019,0,0.49915,0
0,0,1,0,1,0,-1,0,0,0.50211,0,0.49905,0
0,0,1,0,1,0,-1,0,0,0.50234,0,0.49895,0
0,0,1,0,1,0,-1,0,0,0.50257,0,0.49884,0
0,0,1,0,1,0,-1,0,0,0.50282,0,0.49873,0
0,0,1,0,1,0,-1,0,0,0.50308,0,0.49862,0
0,0,1,0,1,0,-1,0,0,0.50335,0,0.49849,0
0,0,1,0,1,0,-1,0,0,0.50362,0,0.49837,0
0,0,1,0,1,0,-1,0,0,0.50392,0,0.49824,0
0,0,1,0,1,0,-1,0,0,0.50422,0,0.4981,0
0,0,1,0,1,0,-1,0,0,0.50453,0,0.49796,0
0,0,1,0,1,0,-1,0,0,0.50485,0,0.49782,0
0,0,1,0,1,0,-1,0,0,0.50518,0,0.49767,0
0,0,1,0,1,0,-1,0,0,0.50553,0,0.49751,0
0,0,1,0,1,0,-1,0,0,0.50588,0,0.49735,0
0,0,1,0,1,0,-1,0,0,0.50625,0,0.49719,0
0,0,1,0,1,0,-1,0,0,0.50662,0,0.49702,0
0,0,1,0,1,0,-1,0,0,0.50701,0,0.49685,0
0,0,1,0,1,0,-1,0,0,0.5074,0,0.49667,0
0,0,1,0,1,0,-1,0,0,0.50781,0,0.49649,0
0,0,1,0,1,0,-1,0,0,0.50823,0,0.4963,0
0,0,1,0,1,0,-1,0,0,0.50865,0,0.49611,0
0,0,1,0,1,0,-1,0,0,0.50909,0,0.49591,0
0,0,1,0,1,0,-1,0,0,0.50953,0,0.49571,0
0,0,1,0,1,0,-1,0,0,0.50999,0,0.4955,0
0,0,1,0,1,0,-1,0,0,0.51046,0,0.49529,0
0,0,1,0,1,0,-1,0,0,0.51093,0,0.49508,0
0,0,1,0,1,0,-1,0,0,0.51142,0,0.49486,0
0,0,1,0,1,0,-1,0,0,0.51192,0,0.49464,0
0,0,1,0,1,0,-1,0,0,0.51242,0,0.49441,0
0,0,1,0,1,0,-1,0,0,0.51294,0,0.49418,0
0,0,1,0,1,0,-1,0,0,0.51346,0,0.49394,0
0,0,1,0,1,0,-1,0,0,0.514,0,0.4937,0
0,0,1,0,1,0,-1,0,0,0.51454,0,0.49345,0
0,0,1,0,1,0,-1,0,0,0.5151,0,0.49321,0
0,0,1,0,1,0,-1,0,0,0.51566,0,0.49295,0
0,0,1,0,1,0,-1,0,0,0.51624,0,0.49269,0
0,0,1,0,1,0,-1,0,0,0.51682,0,0.49243,0
0,0,1,0,1,0,-1,0,0,0.51741,0,0.49217,0
0,0,1,0,1,0,-1,0,0,0.51801,0,0.49189,0
0,0,1,0,1,0,-1,0,0,0.51862,0,0.49162,0
0,0,1,0,1,0,-1,0,0,0.51924,0,0.49134,0
0,0,1,0,1,0,-1,0,0,0.51987,0,0.49106,0
0,0,1,0,1,0,-1,0,0,0.52051,0,0.49077,0
0,0,1,0,1,0,-1,0,0,0.52116,0,0.49048,0
0,0,1,0,1,0,-1,0,0,0.52181,0,0.49018,0
0,0,1,0,1,0,-1,0,0,0.52248,0,0.48988,0
0,0,1,0,1,0,-1,0,0,0.52315,0,0.48958,0
0,0,1,0,1,0,-1,0,0,0.52384,0,0.48927,0
0,0,1,0,1,0,-1,0,0,0.52453,0,0.48896,0
0,0,1,0,1,0,-1,0,0,0.52523,0,0.48865,0
0,0,1,0,1,0,-1,0,0,0.52594,0,0.48833,0
0,0,1,0,1,0,-1,0,0,0.52666,0,0.488,0
0,0,1,0,1,0,-1,0,0,0.52738,0,0.48768,0
0,0,1,0,1,0,-1,0,0,0.52812,0,0.48735,0
0,0,1,0,1,0,-1,0,0,0.52886,0,0.48701,0
0,0,1,0,1,0,-1,0,0,0.52961,0,0.48667,0
0,0,1,0,1,0,-1,0,0,0.53038,0,0.48633,0
0,0,1,0,1,0,-1,0,0,0.53114,0,0.48599,0
0,0,1,0,1,0,-1,0,0,0.53192,0,0.48564,0
0,0,1,0,1,0,-1,0,0,0.53271,0,0.48528,0
0,0,1,0,1,0,-1,0,0,0.5335,0,0.48492,0
0,0,1,0,1,0,-1,0,0,0.5343,0,0.48456,0
0,0,1,0,1,0,-1,0,0,0.53511,0,0.4842,0
0,0,1,0,1,0,-1,0,0,0.53593,0,0.48383,0
0,0,1,0,1,0,-1,0,0,0.53676,0,0.48346,0
0,0,1,0,1,0,-1,0,0,0.53759,0,0.48308,0
0,0,1,0,1,0,-1,0,0,0.53844,0,0.4827,0
0,0,1,0,1,0,-1,0,0,0.53929,0,0.48232,0
0,0,1,0,1,0,-1,0,0,0.54015,0,0.48193,0
0,0,1,0,1,0,-1,0,0,0.54101,0,0.48154,0
0,0,1,0,1,0,-1,0,0,0.54189,0,0.48115,0
0,0,1,0,1,0,-1,0,0,0.54277,0,0.48075,0
0,0,1,0,1,0,-1,0,0,0.54366,0,0.48035,0
0,0,1,0,1,0,-1,0,0,0.54455,0,0.47995,0
0,0,1,0,1,0,-1,0,0,0.54546,0,0.47954,0
0,0,1,0,1,0,-1,0,0,0.54637,0,0.47913,0
0,0,1,0,1,0,-1,0,0,0.54729,0,0.47872,0
0,0,1,0,1,0,-1,0,0,0.54822,0,0.4783,0
0,0,1,0,1,0,-1,0,0,0.54915,0,0.47788,0
0,0,1,0,1,0,-1,0,0,0.55009,0,0.47746,0
0,0,1,0,1,0,-1,0,0,0.55104,0,0.47703,0
0,0,1,0,1,0,-1,0,0,0.552,0,0.4766,0
0,0,1,0,1,0,-1,0,0,0.55296,0,0.47617,0
0,0,1,0,1,0,-1,0,0,0.55393,0,0.47573,0
0,0,1,0,1,0,-1,0,0,0.55491,0,0.47529,0
0,0,1,0,1,0,-1,0,0,0.5559,0,0.47485,0
0,0,1,0,1,0,-1,0,0,0.55689,0,0.4744,0
0,0,1,0,1,0,-1,0,0,0.55789,0,0.47395,0
0,0,1,0,1,0,-1,0,0,0.55889,0,0.4735,0
0,0,1,0,1,0,-1,0,0,0.55991,0,0.47304,0
0,0,1,0,1,0,-1,0,0,0.56093,0,0.47258,0
0,0,1,0,1,0,-1,0,0,0.56195,0,0.47212,0
0,0,1,0,1,0,-1,0,0,0.56298,0,0.47166,0
0,0,1,0,1,0,-1,0,0,0.56402,0,0.47119,0
0,0,1,0,1,0,-1,0,0,0.56507,0,0.47072,0
0,0,1,0,1,0,-1,0,0,0.56612,0,0.47024,0
0,0,1,0,1,0,-1,0,0,0.56718,0,0.46977,0
0,0,1,0,1,0,-1,0,0,0.56825,0,0.46929,0
0,0,1,0,1,0,-1,0,0,0.56932,0,0.46881,0
0,0,1,0,1,0,-1,0,0,0.5704,0,0.46832,0
0,0,1,0,1,0,-1,0,0,0.57148,0,0.46783,0
0,0,1,0,1,0,-1,0,0,0.57258,0,0.46734,0
0,0,1,0,1,0,-1,0,0,0.57367,0,0.46685,0
0,0,1,0,1,0,-1,0,0,0.57478,0,0.46635,0
0,0,1,0,1,0,-1,0,0,0.57589,0,0.46585,0
0,0,1,0,1,0,-1,0,0,0.577,0,0.46535,0
0,0,1,0,1,0,-1,0,0,0.57813,0,0.46484,0
0,0,1,0,1,0,-1,0,0,0.57925,0,0.46434,0
0,0,1,0,1,0,-1,0,0,0.58039,0,0.46383,0
0,0,1,0,1,0,-1,0,0,0.58153,0,0.46331,0
0,0,1,0,1,0,-1,0,0,0.58267,0,0.4628,0
0,0,1,0,1,0,-1,0,0,0.58382,0,0.46228,0
0,0,1,0,1,0,-1,0,0,0.58498,0,0.46176,0
0,0,1,0,1,0,-1,0,0,0.58614,0,0.46124,0
0,0,1,0,1,0,-1,0,0,0.58731,0,0.46071,0
0,0,1,0,1,0,-1,0,0,0.58849,0,0.46018,0
0,0,1,0,1,0,-1,0,0,0.58967,0,0.45965,0
0,0,1,0,1,0,-1,0,0,0.59085,0,0.45912,0
0,0,1,0,1,0,-1,0,0,0.59204,0,0.45858,0
0,0,1,0,1,0,-1,0,0,0.59324,0,0.45804,0
0,0,1,0,1,0,-1,0,0,0.59444,0,0.4575,0
0,0,1,0,1,0,-1,0,0,0.59565,0,0.45696,0
0,0,1,0,1,0,-1,0,0,0.59686,0,0.45641,0
0,0,1,0,1,0,-1,0,0,0.59808,0,0.45587,0
0,0,1,0,1,0,-1,0,0,0.5993,0,0.45531,0
0,0,1,0,1,0,-1,0,0,0.60053,0,0.45476,0
0,0,1,0,1,0,-1,0,0,0.60176,0,0.45421,0
0,0,1,0,1,0,-1,0,0,0.603,0,0.45365,0
0,0,1,0,1,0,-1,0,0,0.60424,0,0.45309,0
0,0,1,0,1,0,-1,0,0,0.60549,0,0.45253,0
0,0,1,0,1,0,-1,0,0,0.60674,0,0.45197,0
0,0,1,0,1,0,-1,0,0,0.608,0,0.4514,0
0,0,1,0,1,0,-1,0,0,0.60926,0,0.45083,0
0,0,1,0,1,0,-1,0,0,0.61053,0,0.45026,0
0,0,1,0,1,0,-1,0,0,0.6118,0,0.44969,0
0,0,1,0,1,0,-1,0,0,0.61308,0,0.44911,0
0,0,1,0,1,0,-1,0,0,0.61436,0,0.44854,0
0,0,1,0,1,0,-1,0,0,0.61564,0,0.44796,0
0,0,1,0,1,0,-1,0,0,0.61693,0,0.44738,0
0,0,1,0,1,0,-1,0,0,0.61823,0,0.4468,0
0,0,1,0,1,0,-1,0,0,0.61953,0,0.44621,0
0,0,1,0,1,0,-1,0,0,0.62083,0,0.44563,0
0,0,1,0,1,0,-1,0,0,0.62214,0,0.44504,0
0,0,1,0,1,0,-1,0,0,0.62345,0,0.44445,0
0,0,1,0,1,0,-1,0,0,0.62477,0,0.44385,0
0,0,1,0,1,0,-1,0,0,0.62609,0,0.44326,0
0,0,1,0,1,0,-1,0,0,0.62741,0,0.44266,0
0,0,1,0,1,0,-1,0,0,0.62874,0,0.44207,0
0,0,1,0,1,0,-1,0,0,0.63007,0,0.44147,0
0,0,1,0,1,0,-1,0,0,0.63141,0,0.44087,0
0,0,1,0,1,0,-1,0,0,0.63275,0,0.44026,0
0,0,1,0,1,0,-1,0,0,0.6341,0,0.43966,0
0,0,1,0,1,0,-1,0,0,0.63544,0,0.43905,0
0,0,1,0,1,0,-1,0,0,0.6368,0,0.43844,0
0,0,1,0,1,0,-1,0,0,0.63815,0,0.43783,0
0,0,1,0,1,0,-1,0,0,0.63951,0,0.43722,0
0,0,1,0,1,0,-1,0,0,0.64087,0,0.43661,0
0,0,1,0,1,0,-1,0,0,0.64224,0,0.43599,0
0,0,1,0,1,0,-1,0,0,0.64361,0,0.43537,0
0,0,1,0,1,0,-1,0,0,0.64499,0,0.43476,0
0,0,1,0,1,0,-1,0,0,0.64636,0,0.43414,0
0,0,1,0,1,0,-1,0,0,0.64774,0,0.43352,0
0,0,1,0,1,0,-1,0,0,0.64913,0,0.43289,0
0,0,1,0,1,0,-1,0,0,0.65052,0,0.43227,0
0,0,1,0,1,0,-1,0,0,0.65191,0,0.43164,0
0,0,1,0,1,0,-1,0,0,0.6533,0,0.43102,0
0,0,1,0,1,0,-1,0,0,0.6547,0,0.43039,0
0,0,1,0,1,0,-1,0,0,0.6561,0,0.42976,0
0,0,1,0,1,0,-1,0,0,0.6575,0,0.42912,0
0,0,1,0,1,0,-1,0,0,0.65891,0,0.42849,0
0,0,1,0,1,0,-1,0,0,0.66032,0,0.42786,0
0,0,1,0,1,0,-1,0,0,0.66173,0,0.42722,0
0,0,1,0,1,0,-1,0,0,0.66314,0,0.42659,0
0,0,1,0,1,0,-1,0,0,0.66456,0,0.42595,0
0,0,1,0,1,0,-1,0,0,0.66598,0,0.42531,0
0,0,1,0,1,0,-1,0,0,0.6674,0,0.42467,0
0,0,1,0,1,0,-1,0,0,0.66883,0,0.42403,0
0,0,1,0,1,0,-1,0,0,0.67026,0,0.42338,0
0,0,1,0,1,0,-1,0,0,0.67169,0,0.42274,0
0,0,1,0,1,0,-1,0,0,0.67312,0,0.42209,0
0,0,1,0,1,0,-1,0,0,0.67456,0,0.42145,0
0,0,1,0,1,0,-1,0,0,0.676,0,0.4208,0
0,0,1,0,1,0,-1,0,0,0.67744,0,0.42015,0
0,0,1,0,1,0,-1,0,0,0.67888,0,0.4195,0
0,0,1,0,1,0,-1,0,0,0.68033,0,0.41885,0
0,0,1,0,1,0,-1,0,0,0.68178,0,0.4182,0
0,0,1,0,1,0,-1,0,0,0.68323,0,0.41755,0
0,0,1,0,1,0,-1,0,0,0.68468,0,0.41689,0
0,0,1,0,1,0,-1,0,0,0.68614,0,0.41624,0
0,0,1,0,1,0,-1,0,0,0.68759,0,0.41558,0
0,0,1,0,1,0,-1,0,0,0.68905,0,0.41493,0
0,0,1,0,1,0,-1,0,0,0.69051,0,0.41427,0
0,0,1,0,1,0,-1,0,0,0.69197,0,0.41361,0
0,0,1,0,1,0,-1,0,0,0.69344,0,0.41295,0
0,0,1,0,1,0,-1,0,0,0.69491,0,0.41229,0
0,0,1,0,1,0,-1,0,0,0.69637,0,0.41163,0
0,0,1,0,1,0,-1,0,0,0.69784,0,0.41097,0
0,0,1,0,1,0,-1,0,0,0.69931,0,0.41031,0
0,0,1,0,1,0,-1,0,0,0.70079,0,0.40965,0
0,0,1,0,1,0,-1,0,0,0.70226,0,0.40898,0
0,0,1,0,1,0,-1,0,0,0.70374,0,0.40832,0
0,0,1,0,1,0,-1,0,0,0.70522,0,0.40765,0
0,0,1,0,1,0,-1,0,0,0.7067,0,0.40699,0
0,0,1,0,1,0,-1,0,0,0.70818,0,0.40632,0
0,0,1,0,1,0,-1,0,0,0.70966,0,0.40565,0
0,0,1,0,1,0,-1,0,0,0.71114,0,0.40499,0
0,0,1,0,1,0,-1,0,0,0.71263,0,0.40432,0
0,0,1,0,1,0,-1,0,0,0.71411,0,0.40365,0
0,0,1,0,1,0,-1,0,0,0.7156,0,0.40298,0
0,0,1,0,1,0,-1,0,0,0.71709,0,0.40231,0
0,0,1,0,1,0,-1,0,0,0.71857,0,0.40164,0
0,0,1,0,1,0,-1,0,0,0.72006,0,0.40097,0
0,0,1,0,1,0,-1,0,0,0.72155,0,0.4003,0
0,0,1,0,1,0,-1,0,0,0.72305,0,0.39963,0
0,0,1,0,1,0,-1,0,0,0.72454,0,0.39896,0
0,0,1,0,1,0,-1,0,0,0.72603,0,0.39829,0
0,0,1,0,1,0,-1,0,0,0.72753,0,0.39761,0
0,0,1,0,1,0,-1,0,0,0.72902,0,0.39694,0
0,0,1,0,1,0,-1,0,0,0.73052,0,0.39627,0
0,0,1,0,1,0,-1,0,0,0.73201,0,0.39559,0
0,0,1,0,1,0,-1,0,0,0.73351,0,0.39492,0
0,0,1,0,1,0,-1,0,0,0.73501,0,0.39425,0
0,0,1,0,1,0,-1,0,0,0.73651,0,0.39357,0
0,0,1,0,1,0,-1,0,0,0.738,0,0.3929,0
0,0,1,0,1,0,-1,0,0,0.7395,0,0.39222,0
0,0,1,0,1,0,-1,0,0,0.741,0,0.39155,0
0,0,1,0,1,0,-1,0,0,0.7425,0,0.39087,0
0,0,1,0,1,0,-1,0,0,0.744,0,0.3902,0
0,0,1,0,1,0,-1,0,0,0.7455,0,0.38952,0
0,0,1,0,1,0,-1,0,0,0.747,0,0.38885,0
0,0,1,0,1,0,-1,0,0,0.7485,0,0.38817,0
0,0,1,0,1,0,-1,0,0,0.75,0,0.3875,0
0,0,1,0,1,0,-1,0,0,0.7515,0,0.38683,0
0,0,1,0,1,0,-1,0,0,0.753,0,0.38615,0
0,0,1,0,1,0,-1,0,0,0.7545,0,0.38548,0
0,0,1,0,1,0,-1,0,0,0.756,0,0.3848,0
0,0,1,0,1,0,-1,0,0,0.7575,0,0.38413,0
0,0,1,0,1,0,-1,0,0,0.759,0,0.38345,0
0,0,1,0,1,0,-1,0,0,0.7605,0,0.38278,0
0,0,1,0,1,0,-1,0,0,0.762,0,0.3821,0
0,0,1,0,1,0,-1,0,0,0.76349,0,0.38143,0
0,0,1,0,1,0,-1,0,0,0.76499,0,0.38075,0
0,0,1,0,1,0,-1,0,0,0.76649,0,0.38008,0
0,0,1,0,1,0,-1,0,0,0.76799,0,0.37941,0
0,0,1,0,1,0,-1,0,0,0.76948,0,0.37873,0
0,0,1,0,1,0,-1,0,0,0.77098,0,0.37806,0
0,0,1,0,1,0,-1,0,0,0.77247,0,0.37739,0
0,0,1,0,1,0,-1,0,0,0.77397,0,0.37671,0
0,0,1,0,1,0,-1,0,0,0.77546,0,0.37604,0
0,0,1,0,1,0,-1,0,0,0.77695,0,0.37537,0
0,0,1,0,1,0,-1,0,0,0.77845,0,0.3747,0
0,0,1,0,1,0,-1,0,0,0.77994,0,0.37403,0
0,0,1,0,1,0,-1,0,0,0.78143,0,0.37336,0
0,0,1,0,1,0,-1,0,0,0.78291,0,0.37269,0
0,0,1,0,1,0,-1,0,0,0.7844,0,0.37202,0
0,0,1,0,1,0,-1,0,0,0.78589,0,0.37135,0
0,0,1,0,1,0,-1,0,0,0.78738,0,0.37068,0
0,0,1,0,1,0,-1,0,0,0.78886,0,0.37001,0
0,0,1,0,1,0,-1,0,0,0.79034,0,0.36935,0
0,0,1,0,1,0,-1,0,0,0.79182,0,0.36868,0
0,0,1,0,1,0,-1,0,0,0.7933,0,0.36801,0
0,0,1,0,1,0,-1,0,0,0.79478,0,0.36735,0
0,0,1,0,1,0,-1,0,0,0.79626,0,0.36668,0
0,0,1,0,1,0,-1,0,0,0.79774,0,0.36602,0
0,0,1,0,1,0,-1,0,0,0.79921,0,0.36535,0
0,0,1,0,1,0,-1,0,0,0.80069,0,0.36469,0
0,0,1,0,1,0,-1,0,0,0.80216,0,0.36403,0
0,0,1,0,1,0,-1,0,0,0.80363,0,0.36337,0
0,0,1,0,1,0,-1,0,0,0.80509,0,0.36271,0
0,0,1,0,1,0,-1,0,0,0.80656,0,0.36205,0
0,0,1,0,1,0,-1,0,0,0.80803,0,0.36139,0
0,0,1,0,1,0,-1,0,0,0.80949,0,0.36073,0
0,0,1,0,1,0,-1,0,0,0.81095,0,0.36007,0
0,0,1,0,1,0,-1,0,0,0.81241,0,0.35942,0
0,0,1,0,1,0,-1,0,0,0.81386,0,0.35876,0
0,0,1,0,1,0,-1,0,0,0.81532,0,0.35811,0
0,0,1,0,1,0,-1,0,0,0.81677,0,0.35745,0
0,0,1,0,1,0,-1,0,0,0.81822,0,0.3568,0
0,0,1,0,1,0,-1,0,0,0.81967,0,0.35615,0
0,0,1,0,1,0,-1,0,0,0.82112,0,0.3555,0
0,0,1,0,1,0,-1,0,0,0.82256,0,0.35485,0
0,0,1,0,1,0,-1,0,0,0.824,0,0.3542,0
0,0,1,0,1,0,-1,0,0,0.82544,0,0.35355,0
0,0,1,0,1,0,-1,0,0,0.82688,0,0.35291,0
0,0,1,0,1,0,-1,0,0,0.82831,0,0.35226,0
0,0,1,0,1,0,-1,0,0,0.82974,0,0.35162,0
0,0,1,0,1,0,-1,0,0,0.83117,0,0.35097,0
0,0,1,0,1,0,-1,0,0,0.8326,0,0.35033,0
0,0,1,0,1,0,-1,0,0,0.83402,0,0.34969,0
0,0,1,0,1,0,-1,0,0,0.83544,0,0.34905,0
0,0,1,0,1,0,-1,0,0,0.83686,0,0.34841,0
0,0,1,0,1,0,-1,0,0,0.83827,0,0.34778,0
0,0,1,0,1,0,-1,0,0,0.83968,0,0.34714,0
0,0,1,0,1,0,-1,0,0,0.84109,0,0.34651,0
0,0,1,0,1,0,-1,0,0,0.8425,0,0.34588,0
0,0,1,0,1,0,-1,0,0,0.8439,0,0.34524,0
0,0,1,0,1,0,-1,0,0,0.8453,0,0.34461,0
0,0,1,0,1,0,-1,0,0,0.8467,0,0.34398,0
0,0,1,0,1,0,-1,0,0,0.84809,0,0.34336,0
0,0,1,0,1,0,-1,0,0,0.84948,0,0.34273,0
0,0,1,0,1,0,-1,0,0,0.85087,0,0.34211,0
0,0,1,0,1,0,-1,0,0,0.85226,0,0.34148,0
0,0,1,0,1,0,-1,0,0,0.85364,0,0.34086,0
0,0,1,0,1,0,-1,0,0,0.85501,0,0.34024,0
0,0,1,0,1,0,-1,0,0,0.85639,0,0.33963,0
0,0,1,0,1,0,-1,0,0,0.85776,0,0.33901,0
0,0,1,0,1,0,-1,0,0,0.85913,0,0.33839,0
0,0,1,0,1,0,-1,0,0,0.86049,0,0.33778,0
0,0,1,0,1,0,-1,0,0,0.86185,0,0.33717,0
0,0,1,0,1,0,-1,0,0,0.8632,0,0.33656,0
0,0,1,0,1,0,-1,0,0,0.86456,0,0.33595,0
0,0,1,0,1,0,-1,0,0,0.8659,0,0.33534,0
0,0,1,0,1,0,-1,0,0,0.86725,0,0.33474,0
0,0,1,0,1,0,-1,0,0,0.86859,0,0.33413,0
0,0,1,0,1,0,-1,0,0,0.86993,0,0.33353,0
0,0,1,0,1,0,-1,0,0,0.87126,0,0.33293,0
0,0,1,0,1,0,-1,0,0,0.87259,0,0.33234,0
0,0,1,0,1,0,-1,0,0,0.87391,0,0.33174,0
0,0,1,0,1,0,-1,0,0,0.87523,0,0.33115,0
0,0,1,0,1,0,-1,0,0,0.87655,0,0.33055,0
0,0,1,0,1,0,-1,0,0,0.87786,0,0.32996,0
0,0,1,0,1,0,-1,0,0,0.87917,0,0.32937,0
0,0,1,0,1,0,-1,0,0,0.88047,0,0.32879,0
0,0,1,0,1,0,-1,0,0,0.88177,0,0.3282,0
0,0,1,0,1,0,-1,0,0,0.88307,0,0.32762,0
0,0,1,0,1,0,-1,0,0,0.88436,0,0.32704,0
0,0,1,0,1,0,-1,0,0,0.88564,0,0.32646,0
0,0,1,0,1,0,-1,0,0,0.88692,0,0.32589,0
0,0,1,0,1,0,-1,0,0,0.8882,0,0.32531,0
0,0,1,0,1,0,-1,0,0,0.88947,0,0.32474,0
0,0,1,0,1,0,-1,0,0,0.89074,0,0.32417,0
0,0,1,0,1,0,-1,0,0,0.892,0,0.3236,0
0,0,1,0,1,0,-1,0,0,0.89326,0,0.32303,0
0,0,1,0,1,0,-1,0,0,0.89451,0,0.32247,0
0,0,1,0,1,0,-1,0,0,0.89576,0,0.32191,0
0,0,1,0,1,0,-1,0,0,0.897,0,0.32135,0
0,0,1,0,1,0,-1,0,0,0.89824,0,0.32079,0
0,0,1,0,1,0,-1,0,0,0.89947,0,0.32024,0
0,0,1,0,1,0,-1,0,0,0.9007,0,0.31969,0
0,0,1,0,1,0,-1,0,0,0.90192,0,0.31913,0
0,0,1,0,1,0,-1,0,0,0.90314,0,0.31859,0
0,0,1,0,1,0,-1,0,0,0.90435,0,0.31804,0
0,0,1,0,1,0,-1,0,0,0.90556,0,0.3175,0
0,0,1,0,1,0,-1,0,0,0.90676,0,0.31696,0
0,0,1,0,1,0,-1,0,0,0.90796,0,0.31642,0
0,0,1,0,1,0,-1,0,0,0.90915,0,0.31588,0
0,0,1,0,1,0,-1,0,0,0.91033,0,0.31535,0
0,0,1,0,1,0,-1,0,0,0.91151,0,0.31482,0
0,0,1,0,1,0,-1,0,0,0.91269,0,0.31429,0
0,0,1,0,1,0,-1,0,0,0.91386,0,0.31376,0
0,0,1,0,1,0,-1,0,0,0.91502,0,0.31324,0
0,0,1,0,1,0,-1,0,0,0.91618,0,0.31272,0
0,0,1,0,1,0,-1,0,0,0.91733,0,0.3122,0
0,0,1,0,1,0,-1,0,0,0.91847,0,0.31169,0
0,0,1,0,1,0,-1,0,0,0.91961,0,0.31117,0
0,0,1,0,1,0,-1,0,0,0.92075,0,0.31066,0
0,0,1,0,1,0,-1,0,0,0.92188,0,0.31016,0
0,0,1,0,1,0,-1,0,0,0.923,0,0.30965,0
0,0,1,0,1,0,-1,0,0,0.92411,0,0.30915,0
0,0,1,0,1,0,-1,0,0,0.92522,0,0.30865,0
0,0,1,0,1,0,-1,0,0,0.92633,0,0.30815,0
0,0,1,0,1,0,-1,0,0,0.92742,0,0.30766,0
0,0,1,0,1,0,-1,0,0,0.92852,0,0.30717,0
0,0,1,0,1,0,-1,0,0,0.9296,0,0.30668,0
0,0,1,0,1,0,-1,0,0,0.93068,0,0.30619,0
0,0,1,0,1,0,-1,0,0,0.93175,0,0.30571,0
0,0,1,0,1,0,-1,0,0,0.93282,0,0.30523,0
0,0,1,0,1,0,-1,0,0,0.93388,0,0.30476,0
0,0,1,0,1,0,-1,0,0,0.93493,0,0.30428,0
0,0,1,0,1,0,-1,0,0,0.93598,0,0.30381,0
0,0,1,0,1,0,-1,0,0,0.93702,0,0.30334,0
0,0,1,0,1,0,-1,0,0,0.93805,0,0.30288,0
0,0,1,0,1,0,-1,0,0,0.93907,0,0.30242,0
0,0,1,0,1,0,-1,0,0,0.94009,0,0.30196,0
0,0,1,0,1,0,-1,0,0,0.94111,0,0.3015,0
0,0,1,0,1,0,-1,0,0,0.94211,0,0.30105,0
0,0,1,0,1,0,-1,0,0,0.94311,0,0.3006,0
0,0,1,0,1,0,-1,0,0,0.9441,0,0.30015,0
0,0,1,0,1,0,-1,0,0,0.94509,0,0.29971,0
0,0,1,0,1,0,-1,0,0,0.94607,0,0.29927,0
0,0,1,0,1,0,-1,0,0,0.94704,0,0.29883,0
0,0,1,0,1,0,-1,0,0,0.948,0,0.2984,0
0,0,1,0,1,0,-1,0,0,0.94896,0,0.29797,0
0,0,1,0,1,0,-1,0,0,0.94991,0,0.29754,0
0,0,1,0,1,0,-1,0,0,0.95085,0,0.29712,0
0,0,1,0,1,0,-1,0,0,0.95178,0,0.2967,0
0,0,1,0,1,0,-1,0,0,0.95271,0,0.29628,0
0,0,1,0,1,0,-1,0,0,0.95363,0,0.29587,0
0,0,1,0,1,0,-1,0,0,0.95454,0,0.29546,0
0,0,1,0,1,0,-1,0,0,0.95545,0,0.29505,0
0,0,1,0,1,0,-1,0,0,0.95634,0,0.29465,0
0,0,1,0,1,0,-1,0,0,0.95723,0,0.29425,0
0,0,1,0,1,0,-1,0,0,0.95811,0,0.29385,0
0,0,1,0,1,0,-1,0,0,0.95899,0,0.29346,0
0,0,1,0,1,0,-1,0,0,0.95985,0,0.29307,0
0,0,1,0,1,0,-1,0,0,0.96071,0,0.29268,0
0,0,1,0,1,0,-1,0,0,0.96156,0,0.2923,0
0,0,1,0,1,0,-1,0,0,0.96241,0,0.29192,0
0,0,1,0,1,0,-1,0,0,0.96324,0,0.29154,0
0,0,1,0,1,0,-1,0,0,0.96407,0,0.29117,0
0,0,1,0,1,0,-1,0,0,0.96489,0,0.2908,0
0,0,1,0,1,0,-1,0,0,0.9657,0,0.29044,0
0,0,1,0,1,0,-1,0,0,0.9665,0,0.29008,0
0,0,1,0,1,0,-1,0,0,0.96729,0,0.28972,0
0,0,1,0,1,0,-1,0,0,0.96808,0,0.28936,0
0,0,1,0,1,0,-1,0,0,0.96886,0,0.28901,0
0,0,1,0,1,0,-1,0,0,0.96962,0,0.28867,0
0,0,1,0,1,0,-1,0,0,0.97039,0,0.28833,0
0,0,1,0,1,0,-1,0,0,0.97114,0,0.28799,0
0,0,1,0,1,0,-1,0,0,0.97188,0,0.28765,0
0,0,1,0,1,0,-1,0,0,0.97262,0,0.28732,0
0,0,1,0,1,0,-1,0,0,0.97334,0,0.287,0
0,0,1,0,1,0,-1,0,0,0.97406,0,0.28667,0
0,0,1,0,1,0,-1,0,0,0.97477,0,0.28635,0
0,0,1,0,1,0,-1,0,0,0.97547,0,0.28604,0
0,0,1,0,1,0,-1,0,0,0.97616,0,0.28573,0
0,0,1,0,1,0,-1,0,0,0.97685,0,0.28542,0
0,0,1,0,1,0,-1,0,0,0.97752,0,0.28512,0
0,0,1,0,1,0,-1,0,0,0.97819,0,0.28482,0
0,0,1,0,1,0,-1,0,0,0.97884,0,0.28452,0
0,0,1,0,1,0,-1,0,0,0.97949,0,0.28423,0
0,0,1,0,1,0,-1,0,0,0.98013,0,0.28394,0
0,0,1,0,1,0,-1,0,0,0.98076,0,0.28366,0
0,0,1,0,1,0,-1,0,0,0.98138,0,0.28338,0
0,0,1,0,1,0,-1,0,0,0.98199,0,0.28311,0
0,0,1,0,1,0,-1,0,0,0.98259,0,0.28283,0
0,0,1,0,1,0,-1,0,0,0.98318,0,0.28257,0
0,0,1,0,1,0,-1,0,0,0.98376,0,0.28231,0
0,0,1,0,1,0,-1,0,0,0.98434,0,0.28205,0
0,0,1,0,1,0,-1,0,0,0.9849,0,0.28179,0
0,0,1,0,1,0,-1,0,0,0.98546,0,0.28155,0
0,0,1,0,1,0,-1,0,0,0.986,0,0.2813,0
0,0,1,0,1,0,-1,0,0,0.98654,0,0.28106,0
0,0,1,0,1,0,-1,0,0,0.98706,0,0.28082,0
0,0,1,0,1,0,-1,0,0,0.98758,0,0.28059,0
0,0,1,0,1,0,-1,0,0,0.98808,0,0.28036,0
0,0,1,0,1,0,-1,0,0,0.98858,0,0.28014,0
0,0,1,0,1,0,-1,0,0,0.98907,0,0.27992,0
0,0,1,0,1,0,-1,0,0,0.98954,0,0.27971,0
0,0,1,0,1,0,-1,0,0,0.99001,0,0.2795,0
0,0,1,0,1,0,-1,0,0,0.99047,0,0.27929,0
0,0,1,0,1,0,-1,0,0,0.99091,0,0.27909,0
0,0,1,0,1,0,-1,0,0,0.99135,0,0.27889,0
0,0,1,0,1,0,-1,0,0,0.99177,0,0.2787,0
0,0,1,0,1,0,-1,0,0,0.99219,0,0.27851,0
0,0,1,0,1,0,-1,0,0,0.9926,0,0.27833,0
0,0,1,0,1,0,-1,0,0,0.99299,0,0.27815,0
0,0,1,0,1,0,-1,0,0,0.99338,0,0.27798,0
0,0,1,0,1,0,-1,0,0,0.99375,0,0.27781,0
0,0,1,0,1,0,-1,0,0,0.99412,0,0.27765,0
0,0,1,0,1,0,-1,0,0,0.99447,0,0.27749,0
0,0,1,0,1,0,-1,0,0,0.99482,0,0.27733,0
0,0,1,0,1,0,-1,0,0,0.99515,0,0.27718,0
0,0,1,0,1,0,-1,0,0,0.99547,0,0.27704,0
0,0,1,0,1,0,-1,0,0,0.99578,0,0.2769,0
0,0,1,0,1,0,-1,0,0,0.99608,0,0.27676,0
0,0,1,0,1,0,-1,0,0,0.99638,0,0.27663,0
0,0,1,0,1,0,-1,0,0,0.99665,0,0.27651,0
0,0,1,0,1,0,-1,0,0,0.99692,0,0.27638,0
0,0,1,0,1,0,-1,0,0,0.99718,0,0.27627,0
0,0,1,0,1,0,-1,0,0,0.99743,0,0.27616,0
0,0,1,0,1,0,-1,0,0,0.99766,0,0.27605,0
0,0,1,0,1,0,-1,0,0,0.99789,0,0.27595,0
0,0,1,0,1,0,-1,0,0,0.9981,0,0.27585,0
0,0,1,0,1,0,-1,0,0,0.99831,0,0.27576,0
0,0,1,0,1,0,-1,0,0,0.9985,0,0.27568,0
0,0,1,0,1,0,-1,0,0,0.99868,0,0.2756,0
0,0,1,0,1,0,-1,0,0,0.99885,0,0.27552,0
0,0,1,0,1,0,-1,0,0,0.999,0,0.27545,0
0,0,1,0,1,0,-1,0,0,0.99915,0,0.27538,0
0,0,1,0,1,0,-1,0,0,0.99928,0,0.27532,0
0,0,1,0,1,0,-1,0,0,0.99941,0,0.27527,0
0,0,1,0,1,0,-1,0,0,0.99952,0,0.27522,0
0,0,1,0,1,0,-1,0,0,0.99962,0,0.27517,0
0,0,1,0,1,0,-1,0,0,0.99971,0,0.27513,0
0,0,1,0,1,0,-1,0,0,0.99979,0,0.2751,0
0,0,1,0,1,0,-1,0,0,0.99985,0,0.27507,0
0,0,1,0,1,0,-1,0,0,0.9999,0,0.27504,0
0,0,1,0,1,0,-1,0,0,0.99995,0,0.27502,0
0,0,1,0,1,0,-1,0,0,0.99998,0,0.27501,0
0,0,1,0,1,0,-1,0,0,0.99999,0,0.275,0
0,0,1,0,1,0,-1,0,0,1,0,0.275,0
0,0,1,0,1,0,-1,0,0,1,0,0.275,0
0,0,1,0,1,0,-1,0,0,1,0,0.27499,0
0,0,1,0,1,0,-1,0,0,1,0,0.27497,0
0,0,1,0,1,0,-1,0,0,1,0,0.27495,0
0,0,1,0,1,0,-1,0,0,1,0,0.27493,0
0,0,1,0,1,0,-1,0,0,1,0,0.27489,0
0,0,1,0,1,0,-1,0,0,1,0,0.27485,0
0,0,1,0,1,0,-1,0,0,1,0,0.27481,0
0,0,1,0,1,0,-1,0,0,1,0,0.27476,0
0,0,1,0,1,0,-1,0,0,1,0,0.2747,0
0,0,1,0,1,0,-1,0,0,1,0,0.27464,0
0,0,1,0,1,0,-1,0,0,1,0,0.27457,0
0,0,1,0,1,0,-1,0,0,1,0,0.2745,0
0,0,1,0,1,0,-1,0,0,1,0,0.27442,0
0,0,1,0,1,0,-1,0,0,1,0,0.27434,0
0,0,1,0,1,0,-1,0,0,1,0,0.27425,0
0,0,1,0,1,0,-1,0,0,1,0,0.27415,0
0,0,1,0,1,0,-1,0,0,1,0,0.27405,0
0,0,1,0,1,0,-1,0,0,1,0,0.27394,0
0,0,1,0,1,0,-1,0,0,1,0,0.27383,0
0,0,1,0,1,0,-1,0,0,1,0,0.27371,0
0,0,1,0,1,0,-1,0,0,1,0,0.27359,0
0,0,1,0,1,0,-1,0,0,1,0,0.27346,0
0,0,1,0,1,0,-1,0,0,1,0,0.27333,0
0,0,1,0,1,0,-1,0,0,1,0,0.27319,0
0,0,1,0,1,0,-1,0,0,1,0,0.27304,0
0,0,1,0,1,0,-1,0,0,1,0,0.27289,0
0,0,1,0,1,0,-1,0,0,1,0,0.27274,0
0,0,1,0,1,0,-1,0,0,1,0,0.27257,0
0,0,1,0,1,0,-1,0,0,1,0,0.27241,0
0,0,1,0,1,0,-1,0,0,1,0,0.27224,0
0,0,1,0,1,0,-1,0,0,1,0,0.27206,0
0,0,1,0,1,0,-1,0,0,1,0,0.27188,0
0,0,1,0,1,0,-1,0,0,1,0,0.27169,0
0,0,1,0,1,0,-1,0,0,1,0,0.2715,0
0,0,1,0,1,0,-1,0,0,1,0,0.2713,0
0,0,1,0,1,0,-1,0,0,1,0,0.2711,0
0,0,1,0,1,0,-1,0,0,1,0,0.27089,0
0,0,1,0,1,0,-1,0,0,1,0,0.27067,0
0,0,1,0,1,0,-1,0,0,1,0,0.27046,0
0,0,1,0,1,0,-1,0,0,1,0,0.27023,0
0,0,1,0,1,0,-1,0,0,1,0,0.27,0
0,0,1,0,1,0,-1,0,0,1,0,0.26977,0
0,0,1,0,1,0,-1,0,0,1,0,0.26953,0
0,0,1,0,1,0,-1,0,0,1,0,0.26929,0
0,0,1,0,1,0,-1,0,0,1,0,0.26904,0
0,0,1,0,1,0,-1,0,0,1,0,0.26879,0
0,0,1,0,1,0,-1,0,0,1,0,0.26853,0
0,0,1,0,1,0,-1,0,0,1,0,0.26827,0
0,0,1,0,1,0,-1,0,0,1,0,0.268,0
0,0,1,0,1,0,-1,0,0,1,0,0.26773,0
0,0,1,0,1,0,-1,0,0,1,0,0.26745,0
0,0,1,0,1,0,-1,0,0,1,0,0.26717,0
0,0,1,0,1,0,-1,0,0,1,0,0.26688,0
0,0,1,0,1,0,-1,0,0,1,0,0.26659,0
0,0,1,0,1,0,-1,0,0,1,0,0.26629,0
0,0,1,0,1,0,-1,0,0,1,0,0.26599,0
0,0,1,0,1,0,-1,0,0,1,0,0.26569,0
0,0,1,0,1,0,-1,0,0,1,0,0.26538,0
0,0,1,0,1,0,-1,0,0,1,0,0.26506,0
0,0,1,0,1,0,-1,0,0,1,0,0.26474,0
0,0,1,0,1,0,-1,0,0,1,0,0.26442,0
0,0,1,0,1,0,-1,0,0,1,0,0.26409,0
0,0,1,0,1,0,-1,0,0,1,0,0.26376,0
0,0,1,0,1,0,-1,0,0,1,0,0.26342,0
0,0,1,0,1,0,-1,0,0,1,0,0.26308,0
0,0,1,0,1,0,-1,0,0,1,0,0.26274,0
0,0,1,0,1,0,-1,0,0,1,0,0.26239,0
0,0,1,0,1,0,-1,0,0,1,0,0.26203,0
0,0,1,0,1,0,-1,0,0,1,0,0.26167,0
0,0,1,0,1,0,-1,0,0,1,0,0.26131,0
0,0,1,0,1,0,-1,0,0,1,0,0.26094,0
0,0,1,0,1,0,-1,0,0,1,0,0.26057,0
0,0,1,0,1,0,-1,0,0,1,0,0.26019,0
0,0,1,0,1,0,-1,0,0,1,0,0.25981,0
0,0,1,0,1,0,-1,0,0,1,0,0.25943,0
0,0,1,0,1,0,-1,0,0,1,0,0.25904,0
0,0,1,0,1,0,-1,0,0,1,0,0.25865,0
0,0,1,0,1,0,-1,0,0,1,0,0.25825,0
0,0,1,0,1,0,-1,0,0,1,0,0.25785,0
0,0,1,0,1,0,-1,0,0,1,0,0.25744,0
0,0,1,0,1,0,-1,0,0,1,0,0.25703,0
0,0,1,0,1,0,-1,0,0,1,0,0.25662,0
0,0,1,0,1,0,-1,0,0,1,0,0.2562,0
0,0,1,0,1,0,-1,0,0,1,0,0.25578,0
0,0,1,0,1,0,-1,0,0,1,0,0.25536,0
0,0,1,0,1,0,-1,0,0,1,0,0.25493,0
0,0,1,0,1,0,-1,0,0,1,0,0.25449,0
0,0,1,0,1,0,-1,0,0,1,0,0.25406,0
0,0,1,0,1,0,-1,0,0,1,0,0.25362,0
0,0,1,0,1,0,-1,0,0,1,0,0.25317,0
0,0,1,0,1,0,-1,0,0,1,0,0.25272,0
0,0,1,0,1,0,-1,0,0,1,0,0.25227,0
0,0,1,0,1,0,-1,0,0,1,0,0.25181,0
0,0,1,0,1,0,-1,0,0,1,0,0.25135,0
0,0,1,0,1,0,-1,0,0,1,0,0.25089,0
0,0,1,0,1,0,-1,0,0,1,0,0.25042,0
0,0,1,0,1,0,-1,0,0,1,0,0.24995,0
0,0,1,0,1,0,-1,0,0,1,0,0.24948,0
0,0,1,0,1,0,-1,0,0,1,0,0.249,0
0,0,1,0,1,0,-1,0,0,1,0,0.24852,0
0,0,1,0,1,0,-1,0,0,1,0,0.24803,0
0,0,1,0,1,0,-1,0,0,1,0,0.24754,0
0,0,1,0,1,0,-1,0,0,1,0,0.24705,0
0,0,1,0,1,0,-1,0,0,1,0,0.24656,0
0,0,1,0,1,0,-1,0,0,1,0,0.24606,0
0,0,1,0,1,0,-1,0,0,1,0,0.24555,0
0,0,1,0,1,0,-1,0,0,1,0,0.24505,0
0,0,1,0,1,0,-1,0,0,1,0,0.24454,0
0,0,1,0,1,0,-1,0,0,1,0,0.24402,0
0,0,1,0,1,0,-1,0,0,1,0,0.24351,0
0,0,1,0,1,0,-1,0,0,1,0,0.24299,0
0,0,1,0,1,0,-1,0,0,1,0,0.24246,0
0,0,1,0,1,0,-1,0,0,1,0,0.24194,0
0,0,1,0,1,0,-1,0,0,1,0,0.24141,0
0,0,1,0,1,0,-1,0,0,1,0,0.24088,0
0,0,1,0,1,0,-1,0,0,1,0,0.24034,0
0,0,1,0,1,0,-1,0,0,1,0,0.2398,0
0,0,1,0,1,0,-1,0,0,1,0,0.23926,0
0,0,1,0,1,0,-1,0,0,1,0,0.23871,0
0,0,1,0,1,0,-1,0,0,1,0,0.23816,0
0,0,1,0,1,0,-1,0,0,1,0,0.23761,0
0,0,1,0,1,0,-1,0,0,1,0,0.23706,0
0,0,1,0,1,0,-1,0,0,1,0,0.2365,0
0,0,1,0,1,0,-1,0,0,1,0,0.23594,0
0,0,1,0,1,0,-1,0,0,1,0,0.23537,0
0,0,1,0,1,0,-1,0,0,1,0,0.23481,0
0,0,1,0,1,0,-1,0,0,1,0,0.23424,0
0,0,1,0,1,0,-1,0,0,1,0,0.23366,0
0,0,1,0,1,0,-1,0,0,1,0,0.23309,0
0,0,1,0,1,0,-1,0,0,1,0,0.23251,0
0,0,1,0,1,0,-1,0,0,1,0,0.23193,0
0,0,1,0,1,0,-1,0,0,1,0,0.23134,0
0,0,1,0,1,0,-1,0,0,1,0,0.23076,0
0,0,1,0,1,0,-1,0,0,1,0,0.23017,0
0,0,1,0,1,0,-1,0,0,1,0,0.22957,0
0,0,1,0,1,0,-1,0,0,1,0,0.22898,0
0,0,1,0,1,0,-1,0,0,1,0,0.22838,0
0,0,1,0,1,0,-1,0,0,1,0,0.22778,0
0,0,1,0,1,0,-1,0,0,1,0,0.22718,0
0,0,1,0,1,0,-1,0,0,1,0,0.22657,0
0,0,1,0,1,0,-1,0,0,1,0,0.22596,0
0,0,1,0,1,0,-1,0,0,1,0,0.22535,0
0,0,1,0,1,0,-1,0,0,1,0,0.22474,0
0,0,1,0,1,0,-1,0,0,1,0,0.22412,0
0,0,1,0,1,0,-1,0,0,1,0,0.2235,0
0,0,1,0,1,0,-1,0,0,1,0,0.22288,0
0,0,1,0,1,0,-1,0,0,1,0,0.22226,0
0,0,1,0,1,0,-1,0,0,1,0,0.22163,0
0,0,1,0,1,0,-1,0,0,1,0,0.221,0
0,0,1,0,1,0,-1,0,0,1,0,0.22037,0
0,0,1,0,1,0,-1,0,0,1,0,0.21974,0
0,0,1,0,1,0,-1,0,0,1,0,0.2191,0
0,0,1,0,1,0,-1,0,0,1,0,0.21846,0
0,0,1,0,1,0,-1,0,0,1,0,0.21782,0
0,0,1,0,1,0,-1,0,0,1,0,0.21718,0
0,0,1,0,1,0,-1,0,0,1,0,0.21653,0
0,0,1,0,1,0,-1,0,0,1,0,0.21589,0
0,0,1,0,1,0,-1,0,0,1,0,0.21524,0
0,0,1,0,1,0,-1,0,0,1,0,0.21458,0
0,0,1,0,1,0,-1,0,0,1,0,0.21393,0
0,0,1,0,1,0,-1,0,0,1,0,0.21327,0
0,0,1,0,1,0,-1,0,0,1,0,0.21262,0
0,0,1,0,1,0,-1,0,0,1,0,0.21196,0
0,0,1,0,1,0,-1,0,0,1,0,0.21129,0
0,0,1,0,1,0,-1,0,0,1,0,0.21063,0
0,0,1,0,1,0,-1,0,0,1,0,0.20996,0
0,0,1,0,1,0,-1,0,0,1,0,0.20929,0
0,0,1,0,1,0,-1,0,0,1,0,0.20862,0
0,0,1,0,1,0,-1,0,0,1,0,0.20795,0
0,0,1,0,1,0,-1,0,0,1,0,0.20728,0
0,0,1,0,1,0,-1,0,0,1,0,0.2066,0
0,0,1,0,1,0,-1,0,0,1,0,0.20592,0
0,0,1,0,1,0,-1,0,0,1,0,0.20524,0
0,0,1,0,1,0,-1,0,0,1,0,0.20456,0
0,0,1,0,1,0,-1,0,0,1,0,0.20388,0
0,0,1,0,1,0,-1,0,0,1,0,0.20319,0
0,0,1,0,1,0,-1,0,0,1,0,0.20251,0
0,0,1,0,1,0,-1,0,0,1,0,0.20182,0
0,0,1,0,1,0,-1,0,0,1,0,0.20113,0
0,0,1,0,1,0,-1,0,0,1,0,0.20044,0
0,0,1,0,1,0,-1,0,0,1,0,0.19974,0
0,0,1,0,1,0,-1,0,0,1,0,0.19905,0
0,0,1,0,1,0,-1,0,0,1,0,0.19835,0
0,0,1,0,1,0,-1,0,0,1,0,0.19765,0
0,0,1,0,1,0,-1,0,0,1,0,0.19695,0
0,0,1,0,1,0,-1,0,0,1,0,0.19625,0
0,0,1,0,1,0,-1,0,0,1,0,0.19555,0
0,0,1,0,1,0,-1,0,0,1,0,0.19484,0
0,0,1,0,1,0,-1,0,0,1,0,0.19414,0
0,0,1,0,1,0,-1,0,0,1,0,0.19343,0
0,0,1,0,1,0,-1,0,0,1,0,0.19272,0
0,0,1,0,1,0,-1,0,0,1,0,0.19201,0
0,0,1,0,1,0,-1,0,0,1,0,0.1913,0
0,0,1,0,1,0,-1,0,0,1,0,0.19058,0
0,0,1,0,1,0,-1,0,0,1,0,0.18987,0
0,0,1,0,1,0,-1,0,0,1,0,0.18915,0
0,0,1,0,1,0,-1,0,0,1,0,0.18844,0
0,0,1,0,1,0,-1,0,0,1,0,0.18772,0
0,0,1,0,1,0,-1,0,0,1,0,0.187,0
0,0,1,0,1,0,-1,0,0,1,0,0.18628,0
0,0,1,0,1,0,-1,0,0,1,0,0.18556,0
0,0,1,0,1,0,-1,0,0,1,0,0.18483,0
0,0,1,0,1,0,-1,0,0,1,0,0.18411,0
0,0,1,0,1,0,-1,0,0,1,0,0.18339,0
0,0,1,0,1,0,-1,0,0,1,0,0.18266,0
0,0,1,0,1,0,-1,0,0,1,0,0.18193,0
0,0,1,0,1,0,-1,0,0,1,0,0.1812,0
0,0,1,0,1,0,-1,0,0,1,0,0.18047,0
0,0,1,0,1,0,-1,0,0,1,0,0.17974,0
0,0,1,0,1,0,-1,0,0,1,0,0.17901,0
0,0,1,0,1,0,-1,0,0,1,0,0.17828,0
0,0,1,0,1,0,-1,0,0,1,0,0.17755,0
0,0,1,0,1,0,-1,0,0,1,0,0.17681,0
0,0,1,0,1,0,-1,0,0,1,0,0.17608,0
0,0,1,0,1,0,-1,0,0,1,0,0.17534,0
0,0,1,0,1,0,-1,0,0,1,0,0.17461,0
0,0,1,0,1,0,-1,0,0,1,0,0.17387,0
0,0,1,0,1,0,-1,0,0,1,0,0.17313,0
0,0,1,0,1,0,-1,0,0,1,0,0.17239,0
0,0,1,0,1,0,-1,0,0,1,0,0.17165,0
0,0,1,0,1,0,-1,0,0,1,0,0.17091,0
0,0,1,0,1,0,-1,0,0,1,0,0.17017,0
0,0,1,0,1,0,-1,0,0,1,0,0.16943,0
0,0,1,0,1,0,-1,0,0,1,0,0.16869,0
0,0,1,0,1,0,-1,0,0,1,0,0.16794,0
0,0,1,0,1,0,-1,0,0,1,0,0.1672,0
0,0,1,0,1,0,-1,0,0,1,0,0.16646,0
0,0,1,0,1,0,-1,0,0,1,0,0.16571,0
0,0,1,0,1,0,-1,0,0,1,0,0.16497,0
0,0,1,0,1,0,-1,0,0,1,0,0.16422,0
0,0,1,0,1,0,-1,0,0,1,0,0.16348,0
0,0,1,0,1,0,-1,0,0,1,0,0.16273,0
0,0,1,0,1,0,-1,0,0,1,0,0.16198,0
0,0,1,0,1,0,-1,0,0,1,0,0.16124,0
0,0,1,0,1,0,-1,0,0,1,0,0.16049,0
0,0,1,0,1,0,-1,0,0,1,0,0.15974,0
0,0,1,0,1,0,-1,0,0,1,0,0.15899,0
0,0,1,0,1,0,-1,0,0,1,0,0.15824,0
0,0,1,0,1,0,-1,0,0,1,0,0.1575,0
0,0,1,0,1,0,-1,0,0,1,0,0.15675,0
0,0,1,0,1,0,-1,0,0,1,0,0.156,0
0,0,1,0,1,0,-1,0,0,1,0,0.15525,0
0,0,1,0,1,0,-1,0,0,1,0,0.1545,0
0,0,1,0,1,0,-1,0,0,1,0,0.15375,0
0,0,1,0,1,0,-1,0,0,1,0,0.153,0
0,0,1,0,1,0,-1,0,0,1,0,0.15225,0
0,0,1,0,1,0,-1,0,0,1,0,0.1515,0
0,0,1,0,1,0,-1,0,0,1,0,0.15075,0
0,0,1,0,1,0,-1,0,0,1,0,0.15,0
0,0,1,0,1,0,-1,0,0,1,0,0.14925,0
0,0,1,0,1,0,-1,0,0,1,0,0.1485,0
0,0,1,0,1,0,-1,0,0,1,0,0.14775,0
0,0,1,0,1,0,-1,0,0,1,0,0.147,0
0,0,1,0,1,0,-1,0,0,1,0,0.14625,0
0,0,1,0,1,0,-1,0,0,1,0,0.1455,0
0,0,1,0,1,0,-1,0,0,1,0,0.14475,0
0,0,1,0,1,0,-1,0,0,1,0,0.144,0
0,0,1,0,1,0,-1,0,0,1,0,0.14325,0
0,0,1,0,1,0,-1,0,0,1,0,0.1425,0
0,0,1,0,1,0,-1,0,0,1,0,0.14176,0
0,0,1,0,1,0,-1,0,0,1,0,0.14101,0
0,0,1,0,1,0,-1,0,0,1,0,0.14026,0
0,0,1,0,1,0,-1,0,0,1,0,0.13951,0
0,0,1,0,1,0,-1,0,0,1,0,0.13876,0
0,0,1,0,1,0,-1,0,0,1,0,0.13802,0
0,0,1,0,1,0,-1,0,0,1,0,0.13727,0
0,0,1,0,1,0,-1,0,0,1,0,0.13652,0
0,0,1,0,1,0,-1,0,0,1,0,0.13578,0
0,0,1,0,1,0,-1,0,0,1,0,0.13503,0
0,0,1,0,1,0,-1,0,0,1,0,0.13429,0
0,0,1,0,1,0,-1,0,0,1,0,0.13354,0
0,0,1,0,1,0,-1,0,0,1,0,0.1328,0
0,0,1,0,1,0,-1,0,0,1,0,0.13206,0
0,0,1,0,1,0,-1,0,0,1,0,0.13131,0
0,0,1,0,1,0,-1,0,0,1,0,0.13057,0
0,0,1,0,1,0,-1,0,0,1,0,0.12983,0
0,0,1,0,1,0,-1,0,0,1,0,0.12909,0
0,0,1,0,1,0,-1,0,0,1,0,0.12835,0
0,0,1,0,1,0,-1,0,0,1,0,0.12761,0
0,0,1,0,1,0,-1,0,0,1,0,0.12687,0
0,0,1,0,1,0,-1,0,0,1,0,0.12613,0
0,0,1,0,1,0,-1,0,0,1,0,0.12539,0
0,0,1,0,1,0,-1,0,0,1,0,0.12466,0
0,0,1,0,1,0,-1,0,0,1,0,0.12392,0
0,0,1,0,1,0,-1,0,0,1,0,0.12319,0
0,0,1,0,1,0,-1,0,0,1,0,0.12245,0
0,0,1,0,1,0,-1,0,0,1,0,0.12172,0
0,0,1,0,1,0,-1,0,0,1,0,0.12099,0
0,0,1,0,1,0,-1,0,0,1,0,0.12026,0
0,0,1,0,1,0,-1,0,0,1,0,0.11953,0
0,0,1,0,1,0,-1,0,0,1,0,0.1188,0
0,0,1,0,1,0,-1,0,0,1,0,0.11807,0
0,0,1,0,1,0,-1,0,0,1,0,0.11734,0
0,0,1,0,1,0,-1,0,0,1,0,0.11661,0
0,0,1,0,1,0,-1,0,0,1,0,0.11589,0
0,0,1,0,1,0,-1,0,0,1,0,0.11517,0
0,0,1,0,1,0,-1,0,0,1,0,0.11444,0
0,0,1,0,1,0,-1,0,0,1,0,0.11372,0
0,0,1,0,1,0,-1,0,0,1,0,0.113,0
0,0,1,0,1,0,-1,0,0,1,0,0.11228,0
0,0,1,0,1,0,-1,0,0,1,0,0.11156,0
0,0,1,0,1,0,-1,0,0,1,0,0.11085,0
0,0,1,0,1,0,-1,0,0,1,0,0.11013,0
0,0,1,0,1,0,-1,0,0,1,0,0.10942,0
0,0,1,0,1,0,-1,0,0,1,0,0.1087,0
0,0,1,0,1,0,-1,0,0,1,0,0.10799,0
0,0,1,0,1,0,-1,0,0,1,0,0.10728,0
0,0,1,0,1,0,-1,0,0,1,0,0.10657,0
0,0,1,0,1,0,-1,0,0,1,0,0.10586,0
0,0,1,0,1,0,-1,0,0,1,0,0.10516,0
0,0,1,0,1,0,-1,0,0,1,0,0.10445,0
0,0,1,0,1,0,-1,0,0,1,0,0.10375,0
0,0,1,0,1,0,-1,0,0,1,0,0.10305,0
0,0,1,0,1,0,-1,0,0,1,0,0.10235,0
0,0,1,0,1,0,-1,0,0,1,0,0.10165,0
0,0,1,0,1,0,-1,0,0,1,0,0.10095,0
0,0,1,0,1,0,-1,0,0,1,0,0.10026,0
0,0,1,0,1,0,-1,0,0,1,0,0.099564,0
0,0,1,0,1,0,-1,0,0,1,0,0.098872,0
0,0,1,0,1,0,-1,0,0,1,0,0.098182,0
0,0,1,0,1,0,-1,0,0,1,0,0.097493,0
0,0,1,0,1,0,-1,0,0,1,0,0.096806,0
0,0,1,0,1,0,-1,0,0,1,0,0.096121,0
0,0,1,0,1,0,-1,0,0,1,0,0.095438,0
0,0,1,0,1,0,-1,0,0,1,0,0.094756,0
0,0,1,0,1,0,-1,0,0,1,0,0.094076,0
0,0,1,0,1,0,-1,0,0,1,0,0.093398,0
0,0,1,0,1,0,-1,0,0,1,0,0.092722,0
0,0,1,0,1,0,-1,0,0,1,0,0.092048,0
0,0,1,0,1,0,-1,0,0,1,0,0.091376,0
0,0,1,0,1,0,-1,0,0,1,0,0.090705,0
0,0,1,0,1,0,-1,0,0,1,0,0.090037,0
0,0,1,0,1,0,-1,0,0,1,0,0.089371,0
0,0,1,0,1,0,-1,0,0,1,0,0.088706,0
0,0,1,0,1,0,-1,0,0,1,0,0.088044,0
0,0,1,0,1,0,-1,0,0,1,0,0.087384,0
0,0,1,0,1,0,-1,0,0,1,0,0.086726,0
0,0,1,0,1,0,-1,0,0,1,0,0.08607,0
0,0,1,0,1,0,-1,0,0,1,0,0.085416,0
0,0,1,0,1,0,-1,0,0,1,0,0.084764,0
0,0,1,0,1,0,-1,0,0,1,0,0.084115,0
0,0,1,0,1,0,-1,0,0,1,0,0.083467,0
0,0,1,0,1,0,-1,0,0,1,0,0.082822,0
0,0,1,0,1,0,-1,0,0,1,0,0.08218,0
0,0,1,0,1,0,-1,0,0,1,0,0.081539,0
0,0,1,0,1,0,-1,0,0,1,0,0.080901,0
0,0,1,0,1,0,-1,0,0,1,0,0.080265,0
0,0,1,0,1,0,-1,0,0,1,0,0.079631,0
0,0,1,0,1,0,-1,0,0,1,0,0.079,0
0,0,1,0,1,0,-1,0,0,1,0,0.078371,0
0,0,1,0,1,0,-1,0,0,1,0,0.077745,0
0,0,1,0,1,0,-1,0,0,1,0,0.077121,0
0,0,1,0,1,0,-1,0,0,1,0,0.076499,0
0,0,1,0,1,0,-1,0,0,1,0,0.075881,0
0,0,1,0,1,0,-1,0,0,1,0,0.075264,0
0,0,1,0,1,0,-1,0,0,1,0,0.07465,0
0,0,1,0,1,0,-1,0,0,1,0,0.074039,0
0,0,1,0,1,0,-1,0,0,1,0,0.07343,0
0,0,1,0,1,0,-1,0,0,1,0,0.072824,0
0,0,1,0,1,0,-1,0,0,1,0,0.072221,0
0,0,1,0,1,0,-1,0,0,1,0,0.07162,0
0,0,1,0,1,0,-1,0,0,1,0,0.071022,0
0,0,1,0,1,0,-1,0,0,1,0,0.070426,0
0,0,1,0,1,0,-1,0,0,1,0,0.069834,0
0,0,1,0,1,0,-1,0,0,1,0,0.069244,0
0,0,1,0,1,0,-1,0,0,1,0,0.068656,0
0,0,1,0,1,0,-1,0,0,1,0,0.068072,0
0,0,1,0,1,0,-1,0,0,1,0,0.067491,0
0,0,1,0,1,0,-1,0,0,1,0,0.066912,0
0,0,1,0,1,0,-1,0,0,1,0,0.066336,0
0,0,1,0,1,0,-1,0,0,1,0,0.065763,0
0,0,1,0,1,0,-1,0,0,1,0,0.065193,0
0,0,1,0,1,0,-1,0,0,1,0,0.064626,0
0,0,1,0,1,0,-1,0,0,1,0,0.064063,0
0,0,1,0,1,0,-1,0,0,1,0,0.063502,0
0,0,1,0,1,0,-1,0,0,1,0,0.062944,0
0,0,1,0,1,0,-1,0,0,1,0,0.062389,0
0,0,1,0,1,0,-1,0,0,1,0,0.061837,0
0,0,1,0,1,0,-1,0,0,1,0,0.061288,0
0,0,1,0,1,0,-1,0,0,1,0,0.060742,0
0,0,1,0,1,0,-1,0,0,1,0,0.0602,0
0,0,1,0,1,0,-1,0,0,1,0,0.059661,0
0,0,1,0,1,0,-1,0,0,1,0,0.059124,0
0,0,1,0,1,0,-1,0,0,1,0,0.058592,0
0,0,1,0,1,0,-1,0,0,1,0,0.058062,0
0,0,1,0,1,0,-1,0,0,1,0,0.057535,0
0,0,1,0,1,0,-1,0,0,1,0,0.057012,0
0,0,1,0,1,0,-1,0,0,1,0,0.056492,0
0,0,1,0,1,0,-1,0,0,1,0,0.055976,0
0,0,1,0,1,0,-1,0,0,1,0,0.055463,0
0,0,1,0,1,0,-1,0,0,1,0,0.054953,0
0,0,1,0,1,0,-1,0,0,1,0,0.054447,0
0,0,1,0,1,0,-1,0,0,1,0,0.053944,0
0,0,1,0,1,0,-1,0,0,1,0,0.053444,0
0,0,1,0,1,0,-1,0,0,1,0,0.052949,0
0,0,1,0,1,0,-1,0,0,1,0,0.052456,0
0,0,1,0,1,0,-1,0,0,1,0,0.051967,0
0,0,1,0,1,0,-1,0,0,1,0,0.051482,0
0,0,1,0,1,0,-1,0,0,1,0,0.051,0
0,0,1,0,1,0,-1,0,0,1,0,0.050522,0
0,0,1,0,1,0,-1,0,0,1,0,0.050047,0
0,0,1,0,1,0,-1,0,0,1,0,0.049576,0
0,0,1,0,1,0,-1,0,0,1,0,0.049109,0
0,0,1,0,1,0,-1,0,0,1,0,0.048646,0
0,0,1,0,1,0,-1,0,0,1,0,0.048186,0
0,0,1,0,1,0,-1,0,0,1,0,0.04773,0
0,0,1,0,1,0,-1,0,0,1,0,0.047277,0
0,0,1,0,1,0,-1,0,0,1,0,0.046829,0
0,0,1,0,1,0,-1,0,0,1,0,0.046384,0
0,0,1,0,1,0,-1,0,0,1,0,0.045943,0
0,0,1,0,1,0,-1,0,0,1,0,0.045506,0
0,0,1,0,1,0,-1,0,0,1,0,0.045073,0
0,0,1,0,1,0,-1,0,0,1,0,0.044644,0
0,0,1,0,1,0,-1,0,0,1,0,0.044219,0
0,0,1,0,1,0,-1,0,0,1,0,0.043797,0
0,0,1,0,1,0,-1,0,0,1,0,0.04338,0
0,0,1,0,1,0,-1,0,0,1,0,0.042967,0
0,0,1,0,1,0,-1,0,0,1,0,0.042557,0
0,0,1,0,1,0,-1,0,0,1,0,0.042152,0
0,0,1,0,1,0,-1,0,0,1,0,0.041751,0
0,0,1,0,1,0,-1,0,0,1,0,0.041354,0
0,0,1,0,1,0,-1,0,0,1,0,0.040961,0
0,0,1,0,1,0,-1,0,0,1,0,0.040572,0
0,0,1,0,1,0,-1,0,0,1,0,0.040188,0
0,0,1,0,1,0,-1,0,0,1,0,0.039807,0
0,0,1,0,1,0,-1,0,0,1,0,0.039431,0
0,0,1,0,1,0,-1,0,0,1,0,0.039059,0
0,0,1,0,1,0,-1,0,0,1,0,0.038691,0
0,0,1,0,1,0,-1,0,0,1,0,0.038328,0
0,0,1,0,1,0,-1,0,0,1,0,0.037969,0
0,0,1,0,1,0,-1,0,0,1,0,0.037614,0
0,0,1,0,1,0,-1,0,0,1,0,0.037264,0
0,0,1,0,1,0,-1,0,0,1,0,0.036918,0
0,0,1,0,1,0,-1,0,0,1,0,0.036577,0
0,0,1,0,1,0,-1,0,0,1,0,0.036239,0
0,0,1,0,1,0,-1,0,0,1,0,0.035907,0
0,0,1,0,1,0,-1,0,0,1,0,0.035579,0
0,0,1,0,1,0,-1,0,0,1,0,0.035255,0
0,0,1,0,1,0,-1,0,0,1,0,0.034936,0
0,0,1,0,1,0,-1,0,0,1,0,0.034621,0
0,0,1,0,1,0,-1,0,0,1,0,0.034312,0
0,0,1,0,1,0,-1,0,0,1,0,0.034006,0
0,0,1,0,1,0,-1,0,0,1,0,0.033706,0
0,0,1,0,1,0,-1,0,0,1,0,0.03341,0
0,0,1,0,1,0,-1,0,0,1,0,0.033118,0
0,0,1,0,1,0,-1,0,0,1,0,0.032831,0
0,0,1,0,1,0,-1,0,0,1,0,0.03255,0
0,0,1,0,1,0,-1,0,0,1,0,0.032272,0
0,0,1,0,1,0,-1,0,0,1,0,0.032,0
0,0,1,0,1,0,-1,0,0,1,0,0.031732,0
0,0,1,0,1,0,-1,0,0,1,0,0.03147,0
0,0,1,0,1,0,-1,0,0,1,0,0.031212,0
0,0,1,0,1,0,-1,0,0,1,0,0.030959,0
0,0,1,0,1,0,-1,0,0,1,0,0.030711,0
0,0,1,0,1,0,-1,0,0,1,0,0.030467,0
0,0,1,0,1,0,-1,0,0,1,0,0.030229,0
0,0,1,0,1,0,-1,0,0,1,0,0.029996,0
0,0,1,0,1,0,-1,0,0,1,0,0.029767,0
0,0,1,0,1,0,-1,0,0,1,0,0.029544,0
0,0,1,0,1,0,-1,0,0,1,0,0.029326,0
0,0,1,0,1,0,-1,0,0,1,0,0.029113,0
0,0,1,0,1,0,-1,0,0,1,0,0.028904,0
0,0,1,0,1,0,-1,0,0,1,0,0.028701,0
0,0,1,0,1,0,-1,0,0,1,0,0.028503,0
0,0,1,0,1,0,-1,0,0,1,0,0.028311,0
0,0,1,0,1,0,-1,0,0,1,0,0.028123,0
0,0,1,0,1,0,-1,0,0,1,0,0.027941,0
0,0,1,0,1,0,-1,0,0,1,0,0.027764,0
0,0,1,0,1,0,-1,0,0,1,0,0.027592,0
0,0,1,0,1,0,-1,0,0,1,0,0.027425,0
0,0,1,0,1,0,-1,0,0,1,0,0.027264,0
0,0,1,0,1,0,-1,0,0,1,0,0.027108,0
0,0,1,0,1,0,-1,0,0,1,0,0.026958,0
0,0,1,0,1,0,-1,0,0,1,0,0.026812,0
0,0,1,0,1,0,-1,0,0,1,0,0.026673,0
0,0,1,0,1,0,-1,0,0,1,0,0.026538,0
0,0,1,0,1,0,-1,0,0,1,0,0.026409,0
0,0,1,0,1,0,-1,0,0,1,0,0.026286,0
0,0,1,0,1,0,-1,0,0,1,0,0.026168,0
0,0,1,0,1,0,-1,0,0,1,0,0.026056,0
0,0,1,0,1,0,-1,0,0,1,0,0.025949,0
0,0,1,0,1,0,-1,0,0,1,0,0.025847,0
0,0,1,0,1,0,-1,0,0,1,0,0.025752,0
0,0,1,0,1,0,-1,0,0,1,0,0.025662,0
0,0,1,0,1,0,-1,0,0,1,0,0.025577,0
0,0,1,0,1,0,-1,0,0,1,0,0.025498,0
0,0,1,0,1,0,-1,0,0,1,0,0.025425,0
0,0,1,0,1,0,-1,0,0,1,0,0.025358,0
0,0,1,0,1,0,-1,0,0,1,0,0.025296,0
0,0,1,0,1,0,-1,0,0,1,0,0.02524,0
0,0,1,0,1,0,-1,0,0,1,0,0.02519,0
0,0,1,0,1,0,-1,0,0,1,0,0.025146,0
0,0,1,0,1,0,-1,0,0,1,0,0.025107,0
0,0,1,0,1,0,-1,0,0,1,0,0.025075,0
0,0,1,0,1,0,-1,0,0,1,0,0.025048,0
0,0,1,0,1,0,-1,0,0,1,0,0.025027,0
0,0,1,0,1,0,-1,0,0,1,0,0.025012,0
0,0,1,0,1,0,-1,0,0,1,0,0.025003,0
0,0,1,0,1,0,-1,0,0,1,0,0.025,1
0,0,1,0,1,0,-1,0,0,1,0,0.025,1
0,0,1,0,1,0,-1,0,0,1,0,0.025,1
0,0,1,0,1,0,-1,0,0,1,0,0.025,1
0,0,1,0,1,0,-1,0,0,1,0,0.025,1
0,0,1,0,1,0,-1,0,0,1,0,0.025,1
0,0,1,0,1,0,-1,0,0,1,0,0.025,1
0,0,1,0,1,0,-1,0,0,1,0,0.025,1
0,0,1,0,1,0,-1,0,0,1,0,0.025,1
0,0,1,0,1,0,-1,0,0,1,0,0.025,1
0,0,1,0,1,0,-1,0,0,1,0,0.025,1
0,0,1,0,1,0,-1,0,0,1,0,0.025,1
0,0,1,0,1,0,-1,0,0,1,0,0.025,1
0,0,1,0,1,0,-1,0,0,1,0,0.025,1
0,0,1,0,1,0,-1,0,0,1,0,0.025,1
0,0,1,0,1,0,-1,0,0,1,0,0.025,1
0,0,1,0,1,0,-1,0,0,1,0,0.025,1
0,0,1,0,1,0,-1,0,0,1,0,0.025,1
0,0,1,0,1,0,-1,0,0,1,0,0.025,1
0,0,1,0,1,0,-1,0,0,1,0,0.025,1
0,0,1,0,1,0,-1,0,0,1,0,0.025,1
0,0,1,0,1,0,-1,0,0,1,0,0.025,1
0,0,1,0,1,0,-1,0,0,1,0,0.025,1
0,0,1,0,1,0,-1,0,0,1,0,0.025,1
0,0,1,0,1,0,-1,0,0,1,0,0.025,1
0,0,1,0,1,0,-1,0,0,1,0,0.025,1
0,0,1,0,1,0,-1,0,0,1,0,0.025,1
0,0,1,0,1,0,-1,0,0,1,0,0.025,1
0,0,1,0,1,0,-1,0,0,1,0,0.025,1
0,0,1,0,1,0,-1,0,0,1,0,0.025,1
0,0,1,0,1,0,-1,0,0,1,0,0.025,1
0,0,1,0,1,0,-1,0,0,1,0,0.025,1
0,0,1,0,1,0,-1,0,0,1,0,0.025,1
0,0,1,0,1,0,-1,0,0,1,0,0.025,1
0,0,1,0,1,0,-1,0,0,1,0,0.025,1
0,0,1,0,1,0,-1,0,0,1,0,0.025,1
0,0,1,0,1,0,-1,0,0,1,0,0.025,1
0,0,1,0,1,0,-1,0,0,1,0,0.025,1
0,0,1,0,1,0,-1,0,0,1,0,0.025,1
0,0,1,0,1,0,-1,0,0,1,0,0.025,1
0,0,1,0,1,0,-1,0,0,1,0,0.025,1
0,0,1,0,1,0,-1,0,0,1,0,0.025,1
0,0,1,0,1,0,-1,0,0,1,0,0.025,1
0,0,1,0,1,0,-1,0,0,1,0,0.025,1
0,0,1,0,1,0,-1,0,0,1,0,0.025,1
0,0,1,0,1,0,-1,0,0,1,0,0.025,1
0,0,1,0,1,0,-1,0,0,1,0,0.025,1
0,0,1,0,1,0,-1,0,0,1,0,0.025,1
0,0,1,0,1,0,-1,0,0,1,0,0.025,1
0,0,1,0,1,0,-1,0,0,1,0,0.025,1
0,0,1,0,1,0,-1,0,0,1,0,0.025,1
0,0,1,0,1,0,-1,0,0,1,0,0.025,1
0,0,1,0,1,0,-1,0,0,1,0,0.025,1
0,0,1,0,1,0,-1,0,0,1,0,0.025,1
0,0,1,0,1,0,-1,0,0,1,0,0.025,1
0,0,1,0,1,0,-1,0,0,1,0,0.025,1
0,0,1,0,1,0,-1,0,0,1,0,0.025,1
0,0,1,0,1,0,-1,0,0,1,0,0.025,1
0,0,1,0,1,0,-1,0,0,1,0,0.025,1
0,0,1,0,1,0,-1,0,0,1,0,0.025,1
0,0,1,0,1,0,-1,0,0,1,0,0.025,1
0,0,1,0,1,0,-1,0,0,1,0,0.025,1
0,0,1,0,1,0,-1,0,0,1,0,0.025,1
0,0,1,0,1,0,-1,0,0,1,0,0.025,1
0,0,1,0,1,0,-1,0,0,1,0,0.025,1
0,0,1,0,1,0,-1,0,0,1,0,0.025,1
0,0,1,0,1,0,-1,0,0,1,0,0.025,1
0,0,1,0,1,0,-1,0,0,1,0,0.025,1
0,0,1,0,1,0,-1,0,0,1,0,0.025,1
0,0,1,0,1,0,-1,0,0,1,0,0.025,1
0,0,1,0,1,0,-1,0,0,1,0,0.025,1
0,0,1,0,1,0,-1,0,0,1,0,0.025,1
0,0,1,0,1,0,-1,0,0,1,0,0.025,1
0,0,1,0,1,0,-1,0,0,1,0,0.025,1
0,0,1,0,1,0,-1,0,0,1,0,0.025,1
0,0,1,0,1,0,-1,0,0,1,0,0.025,1
0,0,1,0,1,0,-1,0,0,1,0,0.025,1
0,0,1,0,1,0,-1,0,0,1,0,0.025,1
0,0,1,0,1,0,-1,0,0,1,0,0.025,1
0,0,1,0,1,0,-1,0,0,1,0,0.025,1
0,0,1,0,1,0,-1,0,0,1,0,0.025,1
0,0,1,0,1,0,-1,0,0,1,0,0.025,1
0,0,1,0,1,0,-1,0,0,1,0,0.025,1
0,0,1,0,1,0,-1,0,0,1,0,0.025,1
0,0,1,0,1,0,-1,0,0,1,0,0.025,1
0,0,1,0,1,0,-1,0,0,1,0,0.025,1
0,0,1,0,1,0,-1,0,0,1,0,0.025,1
0,0,1,0,1,0,-1,0,0,1,0,0.025,1
0,0,1,0,1,0,-1,0,0,1,0,0.025,1
0,0,1,0,1,0,-1,0,0,1,0,0.025,1
0,0,1,0,1,0,-1,0,0,1,0,0.025,1
0,0,1,0,1,0,-1,0,0,1,0,0.025,1
0,0,1,0,1,0,-1,0,0,1,0,0.025,1
0,0,1,0,1,0,-1,0,0,1,0,0.025,1
0,0,1,0,1,0,-1,0,0,1,0,0.025,1
0,0,1,0,1,0,-1,0,0,1,0,0.025,1
0,0,1,0,1,0,-1,0,0,1,0,0.025,1
0,0,1,0,1,0,-1,0,0,1,0,0.025,1
0,0,1,0,1,0,-1,0,0,1,0,0.025,1
0,0,1,0,1,0,-1,0,0,1,0,0.025,1
0,0,1,0,1,0,-1,0,0,1,0,0.025,1
0,0,1,0,1,0,-1,0,0,1,0,0.025,1
0,0,1,0,1,0,-1,0,0,1,0,0.025,1
0,0,1,0,1,0,-1,0,0,1,0,0.025,1
0,0,1,0,1,0,-1,0,0,1,0,0.025,1
0,0,1,0,1,0,-1,0,0,1,0,0.025,1
0,0,1,0,1,0,-1,0,0,1,0,0.025,1
0,0,1,0,1,0,-1,0,0,1,0,0.025,1
0,0,1,0,1,0,-1,0,0,1,0,0.025,1
0,0,1,0,1,0,-1,0,0,1,0,0.025,1
0,0,1,0,1,0,-1,0,0,1,0,0.025,1
0,0,1,0,1,0,-1,0,0,1,0,0.025,1
0,0,1,0,1,0,-1,0,0,1,0,0.025,1
0,0,1,0,1,0,-1,0,0,1,0,0.025,1
0,0,1,0,1,0,-1,0,0,1,0,0.025,1
0,0,1,0,1,0,-1,0,0,1,0,0.025,1
0,0,1,0,1,0,-1,0,0,1,0,0.025,1
0,0,1,0,1,0,-1,0,0,1,0,0.025,1
0,0,1,0,1,0,-1,0,0,1,0,0.025,1
0,0,1,0,1,0,-1,0,0,1,0,0.025,1
0,0,1,0,1,0,-1,0,0,1,0,0.025,1
0,0,1,0,1,0,-1,0,0,1,0,0.025,1
0,0,1,0,1,0,-1,0,0,1,0,0.025,1
0,0,1,0,1,0,-1,0,0,1,0,0.025,1
0,0,1,0,1,0,-1,0,0,1,0,0.025,1
0,0,1,0,1,0,-1,0,0,1,0,0.025,1
0,0,1,0,1,0,-1,0,0,1,0,0.025,1
0,0,1,0,1,0,-1,0,0,1,0,0.025,1
0,0,1,0,1,0,-1,0,0,1,0,0.025,1
0,0,1,0,1,0,-1,0,0,1,0,0.025,1
0,0,1,0,1,0,-1,0,0,1,0,0.025,1
0,0,1,0,1,0,-1,0,0,1,0,0.025,1
0,0,1,0,1,0,-1,0,0,1,0,0.025,1
0,0,1,0,1,0,-1,0,0,1,0,0.025,1
0,0,1,0,1,0,-1,0,0,1,0,0.025,1
0,0,1,0,1,0,-1,0,0,1,0,0.025,1
0,0,1,0,1,0,-1,0,0,1,0,0.025,1
0,0,1,0,1,0,-1,0,0,1,0,0.025,1
0,0,1,0,1,0,-1,0,0,1,0,0.025,1
0,0,1,0,1,0,-1,0,0,1,0,0.025,1
0,0,1,0,1,0,-1,0,0,1,0,0.025,1
0,0,1,0,1,0,-1,0,0,1,0,0.025,1
0,0,1,0,1,0,-1,0,0,1,0,0.025,1
0,0,1,0,1,0,-1,0,0,1,0,0.025,1
0,0,1,0,1,0,-1,0,0,1,0,0.025,1
0,0,1,0,1,0,-1,0,0,1,0,0.025,1
0,0,1,0,1,0,-1,0,0,1,0,0.025,1
0,0,1,0,1,0,-1,0,0,1,0,0.025,1
0,0,1,0,1,0,-1,0,0,1,0,0.025,1
0,0,1,0,1,0,-1,0,0,1,0,0.025,1
0,0,1,0,1,0,-1,0,0,1,0,0.025,1
0,0,1,0,1,0,-1,0,0,1,0,0.025,1
0,0,1,0,1,0,-1,0,0,1,0,0.025,1
0,0,1,0,1,0,-1,0,0,1,0,0.025,1
0,0,1,0,1,0,-1,0,0,1,0,0.025,1
0,0,1,0,1,0,-1,0,0,1,0,0.025,1
0,0,1,0,1,0,-1,0,0,1,0,0.025,1
0,0,1,0,1,0,-1,0,0,1,0,0.025,1
0,0,1,0,1,0,-1,0,0,1,0,0.025,1
0,0,1,0,1,0,-1,0,0,1,0,0.025,1
0,0,1,0,1,0,-1,0,0,1,0,0.025,1
0,0,1,0,1,0,-1,0,0,1,0,0.025,1
0,0,1,0,1,0,-1,0,0,1,0,0.025,1
0,0,1,0,1,0,-1,0,0,1,0,0.025,1
0,0,1,0,1,0,-1,0,0,1,0,0.025,1
0,0,1,0,1,0,-1,0,0,1,0,0.025,1
0,0,1,0,1,0,-1,0,0,1,0,0.025,1
0,0,1,0,1,0,-1,0,0,1,0,0.025,1
0,0,1,0,1,0,-1,0,0,1,0,0.025,1
0,0,1,0,1,0,-1,0,0,1,0,0.025,1
0,0,1,0,1,0,-1,0,0,1,0,0.025,1
0,0,1,0,1,0,-1,0,0,1,0,0.025,1
0,0,1,0,1,0,-1,0,0,1,0,0.025,1
0,0,1,0,1,0,-1,0,0,1,0,0.025,1
0,0,1,0,1,0,-1,0,0,1,0,0.025,1
0,0,1,0,1,0,-1,0,0,1,0,0.025,1
0,0,1,0,1,0,-1,0,0,1,0,0.025,1
0,0,1,0,1,0,-1,0,0,1,0,0.025,1
0,0,1,0,1,0,-1,0,0,1,0,0.025,1
0,0,1,0,1,0,-1,0,0,1,0,0.025,1
0,0,1,0,1,0,-1,0,0,1,0,0.025,1
0,0,1,0,1,0,-1,0,0,1,0,0.025,1
0,0,1,0,1,0,-1,0,0,1,0,0.025,1
0,0,1,0,1,0,-1,0,0,1,0,0.025,1
0,0,1,0,1,0,-1,0,0,1,0,0.025,1
0,0,1,0,1,0,-1,0,0,1,0,0.025,1
0,0,1,0,1,0,-1,0,0,1,0,0.025,1
0,0,1,0,1,0,-1,0,0,1,0,0.025,1
0,0,1,0,1,0,-1,0,0,1,0,0.025,1
0,0,1,0,1,0,-1,0,0,1,0,0.025,1
0,0,1,0,1,0,-1,0,0,1,0,0.025,1
0,0,1,0,1,0,-1,0,0,1,0,0.025,1
0,0,1,0,1,0,-1,0,0,1,0,0.025,1
0,0,1,0,1,0,-1,0,0,1,0,0.025,1
0,0,1,0,1,0,-1,0,0,1,0,0.025,1
0,0,1,0,1,0,-1,0,0,1,0,0.025,1
0,0,1,0,1,0,-1,0,0,1,0,0.025,1
0,0,1,0,1,0,-1,0,0,1,0,0.025,1
0,0,1,0,1,0,-1,0,0,1,0,0.025,1
0,0,1,0,1,0,-1,0,0,1,0,0.025,1
0,0,1,0,1,0,-1,0,0,1,0,0.025,1
0,0,1,0,1,0,-1,0,0,1,0,0.025,1
0,0,1,0,1,0,-1,0,0,1,0,0.025,1
0,0,1,0,1,0,-1,0,0,1,0,0.025,1
0,0,1,0,1,0,-1,0,0,1,0,0.025,1
0,0,1,0,1,0,-1,0,0,1,0,0.025,1
0,0,1,0,1,0,-1,0,0,1,0,0.025,1
0,0,1,0,1,0,-1,0,0,1,0,0.025,1
0,0,1,0,1,0,-1,0,0,1,0,0.025,1
0,0,1,0,1,0,-1,0,0,1,0,0.025,1
0,0,1,0,1,0,-1,0,0,1,0,0.025,1
0,0,1,0,1,0,-1,0,0,1,0,0.025,1
0,0,1,0,1,0,-1,0,0,1,0,0.025,1
0,0,1,0,1,0,-1,0,0,1,0,0.025,1
0,0,1,0,1,0,-1,0,0,1,0,0.025,1
0,0,1,0,1,0,-1,0,0,1,0,0.025,1
0,0,1,0,1,0,-1,0,0,1,0,0.025,1
0,0,1,0,1,0,-1,0,0,1,0,0.025,1
0,0,1,0,1,0,-1,0,0,1,0,0.025,1
0,0,1,0,1,0,-1,0,0,1,0,0.025,1
0,0,1,0,1,0,-1,0,0,1,0,0.025,1
0,0,1,0,1,0,-1,0,0,1,0,0.025,1
0,0,1,0,1,0,-1,0,0,1,0,0.025,1
0,0,1,0,1,0,-1,0,0,1,0,0.025,1
0,0,1,0,1,0,-1,0,0,1,0,0.025,1
0,0,1,0,1,0,-1,0,0,1,0,0.025,1
0,0,1,0,1,0,-1,0,0,1,0,0.025,1
0,0,1,0,1,0,-1,0,0,1,0,0.025,1
0,0,1,0,1,0,-1,0,0,1,0,0.025,1
0,0,1,0,1,0,-1,0,0,1,0,0.025,1
0,0,1,0,1,0,-1,0,0,1,0,0.025,1
0,0,1,0,1,0,-1,0,0,1,0,0.025,1
0,0,1,0,1,0,-1,0,0,1,0,0.025,1
0,0,1,0,1,0,-1,0,0,1,0,0.025,1
0,0,1,0,1,0,-1,0,0,1,0,0.025,1
0,0,1,0,1,0,-1,0,0,1,0,0.025,1
0,0,1,0,1,0,-1,0,0,1,0,0.025,1
0,0,1,0,1,0,-1,0,0,1,0,0.025,1
0,0,1,0,1,0,-1,0,0,1,0,0.025,1
0,0,1,0,1,0,-1,0,0,1,0,0.025,1
0,0,1,0,1,0,-1,0,0,1,0,0.025,1
0,0,1,0,1,0,-1,0,0,1,0,0.025,1
0,0,1,0,1,0,-1,0,0,1,0,0.025,1
0,0,1,0,1,0,-1,0,0,1,0,0.025,1
0,0,1,0,1,0,-1,0,0,1,0,0.025,1
0,0,1,0,1,0,-1,0,0,1,0,0.025,1
0,0,1,0,1,0,-1,0,0,1,0,0.025,1
0,0,1,0,1,0,-1,0,0,1,0,0.025,1
0,0,1,0,1,0,-1,0,0,1,0,0.025,1
0,0,1,0,1,0,-1,0,0,1,0,0.025,1
0,0,1,0,1,0,-1,0,0,1,0,0.025,1
0,0,1,0,1,0,-1,0,0,1,0,0.025,1
0,0,1,0,1,0,-1,0,0,1,0,0.025,1
0,0,1,0,1,0,-1,0,0,1,0,0.025,1
0,0,1,0,1,0,-1,0,0,1,0,0.025,1
0,0,1,0,1,0,-1,0,0,1,0,0.025,1
0,0,1,0,1,0,-1,0,0,1,0,0.025,1
0,0,1,0,1,0,-1,0,0,1,0,0.025,1
0,0,1,0,1,0,-1,0,0,1,0,0.025,1
0,0,1,0,1,0,-1,0,0,1,0,0.025,1
0,0,1,0,1,0,-1,0,0,1,0,0.025,1
0,0,1,0,1,0,-1,0,0,1,0,0.025,1
0,0,1,0,1,0,-1,0,0,1,0,0.025,1
0,0,1,0,1,0,-1,0,0,1,0,0.025,1
0,0,1,0,1,0,-1,0,0,1,0,0.025,1
0,0,1,0,1,0,-1,0,0,1,0,0.025,1
0,0,1,0,1,0,-1,0,0,1,0,0.025,1
0,0,1,0,1,0,-1,0,0,1,0,0.025,1
0,0,1,0,1,0,-1,0,0,1,0,0.025,1
0,0,1,0,1,0,-1,0,0,1,0,0.025,1
0,0,1,0,1,0,-1,0,0,1,0,0.025,1
0,0,1,0,1,0,-1,0,0,1,0,0.025,1
0,0,1,0,1,0,-1,0,0,1,0,0.025,1
0,0,1,0,1,0,-1,0,0,1,0,0.025,1
0,0,1,0,1,0,-1,0,0,1,0,0.025,1
0,0,1,0,1,0,-1,0,0,1,0,0.025,1
0,0,1,0,1,0,-1,0,0,1,0,0.025,1
0,0,1,0,1,0,-1,0,0,1,0,0.025,1
0,0,1,0,1,0,-1,0,0,1,0,0.025,1
0,0,1,0,1,0,-1,0,0,1,0,0.025,1
0,0,1,0,1,0,-1,0,0,1,0,0.025,1
0,0,1,0,1,0,-1,0,0,1,0,0.025,1
0,0,1,0,1,0,-1,0,0,1,0,0.025,1
0,0,1,0,1,0,-1,0,0,1,0,0.025,1
0,0,1,0,1,0,-1,0,0,1,0,0.025,1
0,0,1,0,1,0,-1,0,0,1,0,0.025,1
0,0,1,0,1,0,-1,0,0,1,0,0.025,1
0,0,1,0,1,0,-1,0,0,1,0,0.025,1
0,0,1,0,1,0,-1,0,0,1,0,0.025,1
0,0,1,0,1,0,-1,0,0,1,0,0.025,1
0,0,1,0,1,0,-1,0,0,1,0,0.025,1
0,0,1,0,1,0,-1,0,0,1,0,0.025,1
0,0,1,0,1,0,-1,0,0,1,0,0.025,1
0,0,1,0,1,0,-1,0,0,1,0,0.025,1
0,0,1,0,1,0,-1,0,0,1,0,0.025,1
0,0,1,0,1,0,-1,0,0,1,0,0.025,1
0,0,1,0,1,0,-1,0,0,1,0,0.025,1
0,0,1,0,1,0,-1,0,0,1,0,0.025,1
0,0,1,0,1,0,-1,0,0,1,0,0.025,1
0,0,1,0,1,0,-1,0,0,1,0,0.025,1
0,0,1,0,1,0,-1,0,0,1,0,0.025,1
0,0,1,0,1,0,-1,0,0,1,0,0.025,1
0,0,1,0,1,0,-1,0,0,1,0,0.025,1
0,0,1,0,1,0,-1,0,0,1,0,0.025,1
0,0,1,0,1,0,-1,0,0,1,0,0.025,1
0,0,1,0,1,0,-1,0,0,1,0,0.025,1
0,0,1,0,1,0,-1,0,0,1,0,0.025,1
0,0,1,0,1,0,-1,0,0,1,0,0.025,1
0,0,1,0,1,0,-1,0,0,1,0,0.025,1
0,0,1,0,1,0,-1,0,0,1,0,0.025,1
0,0,1,0,1,0,-1,0,0,1,0,0.025,1
0,0,1,0,1,0,-1,0,0,1,0,0.025,1
0,0,1,0,1,0,-1,0,0,1,0,0.025,1
0,0,1,0,1,0,-1,0,0,1,0,0.025,1
0,0,1,0,1,0,-1,0,0,1,0,0.025,1
0,0,1,0,1,0,-1,0,0,1,0,0.025,1
0,0,1,0,1,0,-1,0,0,1,0,0.025,1
0,0,1,0,1,0,-1,0,0,1,0,0.025,1
0,0,1,0,1,0,-1,0,0,1,0,0.025,1
0,0,1,0,1,0,-1,0,0,1,0,0.025,1
0,0,1,0,1,0,-1,0,0,1,0,0.025,1
0,0,1,0,1,0,-1,0,0,1,0,0.025,1
0,0,1,0,1,0,-1,0,0,1,0,0.025,1
0,0,1,0,1,0,-1,0,0,1,0,0.025,1
0,0,1,0,1,0,-1,0,0,1,0,0.025,1
0,0,1,0,1,0,-1,0,0,1,0,0.025,1
0,0,1,0,1,0,-1,0,0,1,0,0.025,1
0,0,1,0,1,0,-1,0,0,1,0,0.025,1
0,0,1,0,1,0,-1,0,0,1,0,0.025,1
0,0,1,0,1,0,-1,0,0,1,0,0.025,1
0,0,1,0,1,0,-1,0,0,1,0,0.025,1
0,0,1,0,1,0,-1,0,0,1,0,0.025,1
0,0,1,0,1,0,-1,0,0,1,0,0.025,1
0,0,1,0,1,0,-1,0,0,1,0,0.025,1
0,0,1,0,1,0,-1,0,0,1,0,0.025,1
0,0,1,0,1,0,-1,0,0,1,0,0.025,1
0,0,1,0,1,0,-1,0,0,1,0,0.025,1
0,0,1,0,1,0,-1,0,0,1,0,0.025,1
0,0,1,0,1,0,-1,0,0,1,0,0.025,1
0,0,1,0,1,0,-1,0,0,1,0,0.025,1
0,0,1,0,1,0,-1,0,0,1,0,0.025,1
0,0,1,0,1,0,-1,0,0,1,0,0.025,1
0,0,1,0,1,0,-1,0,0,1,0,0.025,1
0,0,1,0,1,0,-1,0,0,1,0,0.025,1
0,0,1,0,1,0,-1,0,0,1,0,0.025,1
0,0,1,0,1,0,-1,0,0,1,0,0.025,1
0,0,1,0,1,0,-1,0,0,1,0,0.025,1
0,0,1,0,1,0,-1,0,0,1,0,0.025,1
0,0,1,0,1,0,-1,0,0,1,0,0.025,1
0,0,1,0,1,0,-1,0,0,1,0,0.025,1
0,0,1,0,1,0,-1,0,0,1,0,0.025,1
0,0,1,0,1,0,-1,0,0,1,0,0.025,1
0,0,1,0,1,0,-1,0,0,1,0,0.025,1
0,0,1,0,1,0,-1,0,0,1,0,0.025,1
0,0,1,0,1,0,-1,0,0,1,0,0.025,1
0,0,1,0,1,0,-1,0,0,1,0,0.025,1
0,0,1,0,1,0,-1,0,0,1,0,0.025,1
0,0,1,0,1,0,-1,0,0,1,0,0.025,1
0,0,1,0,1,0,-1,0,0,1,0,0.025,1
0,0,1,0,1,0,-1,0,0,1,0,0.025,1
0,0,1,0,1,0,-1,0,0,1,0,0.025,1
0,0,1,0,1,0,-1,0,0,1,0,0.025,1
0,0,1,0,1,0,-1,0,0,1,0,0.025,1
0,0,1,0,1,0,-1,0,0,1,0,0.025,1
0,0,1,0,1,0,-1,0,0,1,0,0.025,1
0,0,1,0,1,0,-1,0,0,1,0,0.025,1
0,0,1,0,1,0,-1,0,0,1,0,0.025,1
0,0,1,0,1,0,-1,0,0,1,0,0.025,1
0,0,1,0,1,0,-1,0,0,1,0,0.025,1
0,0,1,0,1,0,-1,0,0,1,0,0.025,1
0,0,1,0,1,0,-1,0,0,1,0,0.025,1
0,0,1,0,1,0,-1,0,0,1,0,0.025,1
0,0,1,0,1,0,-1,0,0,1,0,0.025,1
0,0,1,0,1,0,-1,0,0,1,0,0.025,1
0,0,1,0,1,0,-1,0,0,1,0,0.025,1
0,0,1,0,1,0,-1,0,0,1,0,0.025,1
0,0,1,0,1,0,-1,0,0,1,0,0.025,1
0,0,1,0,1,0,-1,0,0,1,0,0.025,1
0,0,1,0,1,0,-1,0,0,1,0,0.025,1
0,0,1,0,1,0,-1,0,0,1,0,0.025,1
0,0,1,0,1,0,-1,0,0,1,0,0.025,1
0,0,1,0,1,0,-1,0,0,1,0,0.025,1
0,0,1,0,1,0,-1,0,0,1,0,0.025,1
0,0,1,0,1,0,-1,0,0,1,0,0.025,1
0,0,1,0,1,0,-1,0,0,1,0,0.025,1
0,0,1,0,1,0,-1,0,0,1,0,0.025,1
0,0,1,0,1,0,-1,0,0,1,0,0.025,1
0,0,1,0,1,0,-1,0,0,1,0,0.025,1
0,0,1,0,1,0,-1,0,0,1,0,0.025,1
0,0,1,0,1,0,-1,0,0,1,0,0.025,1
0,0,1,0,1,0,-1,0,0,1,0,0.025,1
0,0,1,0,1,0,-1,0,0,1,0,0.025,1
0,0,1,0,1,0,-1,0,0,1,0,0.025,1
0,0,1,0,1,0,-1,0,0,1,0,0.025,1
0,0,1,0,1,0,-1,0,0,1,0,0.025,1
0,0,1,0,1,0,-1,0,0,1,0,0.025,1
0,0,1,0,1,0,-1,0,0,1,0,0.025,1
0,0,1,0,1,0,-1,0,0,1,0,0.025,1
0,0,1,0,1,0,-1,0,0,1,0,0.025,1
0,0,1,0,1,0,-1,0,0,1,0,0.025,1
0,0,1,0,1,0,-1,0,0,1,0,0.025,1
0,0,1,0,1,0,-1,0,0,1,0,0.025,1
0,0,1,0,1,0,-1,0,0,1,0,0.025,1
0,0,1,0,1,0,-1,0,0,1,0,0.025,1
0,0,1,0,1,0,-1,0,0,1,0,0.025,1
0,0,1,0,1,0,-1,0,0,1,0,0.025,1
0,0,1,0,1,0,-1,0,0,1,0,0.025,1
0,0,1,0,1,0,-1,0,0,1,0,0.025,1
0,0,1,0,1,0,-1,0,0,1,0,0.025,1
0,0,1,0,1,0,-1,0,0,1,0,0.025,1
0,0,1,0,1,0,-1,0,0,1,0,0.025,1
0,0,1,0,1,0,-1,0,0,1,0,0.025,1
0,0,1,0,1,0,-1,0,0,1,0,0.025,1
0,0,1,0,1,0,-1,0,0,1,0,0.025,1
0,0,1,0,1,0,-1,0,0,1,0,0.025,1
0,0,1,0,1,0,-1,0,0,1,0,0.025,1
0,0,1,0,1,0,-1,0,0,1,0,0.025,1
0,0,1,0,1,0,-1,0,0,1,0,0.025,1
0,0,1,0,1,0,-1,0,0,1,0,0.025,1
0,0,1,0,1,0,-1,0,0,1,0,0.025,1
0,0,1,0,1,0,-1,0,0,1,0,0.025,1
0,0,1,0,1,0,-1,0,0,1,0,0.025,1
0,0,1,0,1,0,-1,0,0,1,0,0.025,1
0,0,1,0,1,0,-1,0,0,1,0,0.025,1
0,0,1,0,1,0,-1,0,0,1,0,0.025,1
0,0,1,0,1,0,-1,0,0,1,0,0.025,1
0,0,1,0,1,0,-1,0,0,1,0,0.025,1
0,0,1,0,1,0,-1,0,0,1,0,0.025,1
0,0,1,0,1,0,-1,0,0,1,0,0.025,1
0,0,1,0,1,0,-1,0,0,1,0,0.025,1
0,0,1,0,1,0,-1,0,0,1,0,0.025,1
0,0,1,0,1,0,-1,0,0,1,0,0.025,1
0,0,1,0,1,0,-1,0,0,1,0,0.025,1
0,0,1,0,1,0,-1,0,0,1,0,0.025,1
0,0,1,0,1,0,-1,0,0,1,0,0.025,1
0,0,1,0,1,0,-1,0,0,1,0,0.025,1
0,0,1,0,1,0,-1,0,0,1,0,0.025,1
0,0,1,0,1,0,-1,0,0,1,0,0.025,1
0,0,1,0,1,0,-1,0,0,1,0,0.025,1
0,0,1,0,1,0,-1,0,0,1,0,0.025,1
0,0,1,0,1,0,-1,0,0,1,0,0.025,1
0,0,1,0,1,0,-1,0,0,1,0,0.025,1
0,0,1,0,1,0,-1,0,0,1,0,0.025,1
0,0,1,0,1,0,-1,0,0,1,0,0.025,1
0,0,1,0,1,0,-1,0,0,1,0,0.025,1
0,0,1,0,1,0,-1,0,0,1,0,0.025,1
0,0,1,0,1,0,-1,0,0,1,0,0.025,1
0,0,1,0,1,0,-1,0,0,1,0,0.025,1
0,0,1,0,1,0,-1,0,0,1,0,0.025,1
0,0,1,0,1,0,-1,0,0,1,0,0.025,1
0,0,1,0,1,0,-1,0,0,1,0,0.025,1
0,0,1,0,1,0,-1,0,0,1,0,0.025,1
0,0,1,0,1,0,-1,0,0,1,0,0.025,1
0,0,1,0,1,0,-1,0,0,1,0,0.025,1
0,0,1,0,1,0,-1,0,0,1,0,0.025,1
0,0,1,0,1,0,-1,0,0,1,0,0.025,1
0,0,1,0,1,0,-1,0,0,1,0,0.025,1
0,0,1,0,1,0,-1,0,0,1,0,0.025,1
0,0,1,0,1,0,-1,0,0,1,0,0.025,1
0,0,1,0,1,0,-1,0,0,1,0,0.025,1
0,0,1,0,1,0,-1,0,0,1,0,0.025,1
0,0,1,0,1,0,-1,0,0,1,0,0.025,1
0,0,1,0,1,0,-1,0,0,1,0,0.025,1
0,0,1,0,1,0,-1,0,0,1,0,0.025,1
0,0,1,0,1,0,-1,0,0,1,0,0.025,1
0,0,1,0,1,0,-1,0,0,1,0,0.025,1
0,0,1,0,1,0,-1,0,0,1,0,0.025,1
0,0,1,0,1,0,-1,0,0,1,0,0.025,1
0,0,1,0,1,0,-1,0,0,1,0,0.025,1
0,0,1,0,1,0,-1,0,0,1,0,0.025,1
0,0,1,0,1,0,-1,0,0,1,0,0.025,1
0,0,1,0,1,0,-1,0,0,1,0,0.025,1
0,0,1,0,1,0,-1,0,0,1,0,0.025,1
0,0,1,0,1,0,-1,0,0,1,0,0.025,1
0,0,1,0,1,0,-1,0,0,1,0,0.025,1
0,0,1,0,1,0,-1,0,0,1,0,0.025,1
0,0,1,0,1,0,-1,0,0,1,0,0.025,1
0,0,1,0,1,0,-1,0,0,1,0,0.025,1
0,0,1,0,1,0,-1,0,0,1,0,0.025,1
0,0,1,0,1,0,-1,0,0,1,0,0.025,1
0,0,1,0,1,0,-1,0,0,1,0,0.025,1
0,0,1,0,1,0,-1,0,0,1,0,0.025,1
0,0,1,0,1,0,-1,0,0,1,0,0.025,1
0,0,1,0,1,0,-1,0,0,1,0,0.025,1
0,0,1,0,1,0,-1,0,0,1,0,0.025,1
0,0,1,0,1,0,-1,0,0,1,0,0.025,1
0,0,1,0,1,0,-1,0,0,1,0,0.025,1
0,0,1,0,1,0,-1,0,0,1,0,0.025,1
0,0,1,0,1,0,-1,0,0,1,0,0.025,1
0,0,1,0,1,0,-1,0,0,1,0,0.025,1
0,0,1,0,1,0,-1,0,0,1,0,0.025,1
0,0,1,0,1,0,-1,0,0,1,0,0.025,1
0,0,1,0,1,0,-1,0,0,1,0,0.025,1
0,0,1,0,1,0,-1,0,0,1,0,0.025,1
0,0,1,0,1,0,-1,0,0,1,0,0.025,1
0,0,1,0,1,0,-1,0,0,1,0,0.025,1
0,0,1,0,1,0,-1,0,0,1,0,0.025,1
0,0,1,0,1,0,-1,0,0,1,0,0.025,1
0,0,1,0,1,0,-1,0,0,1,0,0.025,1
0,0,1,0,1,0,-1,0,0,1,0,0.025,1
0,0,1,0,1,0,-1,0,0,1,0,0.025,1
0,0,1,0,1,0,-1,0,0,1,0,0.025003,1
0,0,1,0,1,0,-1,0,0,1,0,0.025012,1
0,0,1,0,1,0,-1,0,0,1,0,0.025027,1
0,0,1,0,1,0,-1,0,0,1,0,0.025048,1
0,0,1,0,1,0,-1,0,0,1,0,0.025075,1
0,0,1,0,1,0,-1,0,0,1,0,0.025107,1
0,0,1,0,1,0,-1,0,0,1,0,0.025146,1
0,0,1,0,1,0,-1,0,0,1,0,0.02519,1
0,0,1,0,1,0,-1,0,0,1,0,0.02524,1
0,0,1,0,1,0,-1,0,0,1,0,0.025296,1
0,0,1,0,1,0,-1,0,0,1,0,0.025358,1
0,0,1,0,1,0,-1,0,0,1,0,0.025425,1
0,0,1,0,1,0,-1,0,0,1,0,0.025498,1
0,0,1,0,1,0,-1,0,0,1,0,0.025577,1
0,0,1,0,1,0,-1,0,0,1,0,0.025662,1
0,0,1,0,1,0,-1,0,0,1,0,0.025752,1
0,0,1,0,1,0,-1,0,0,1,0,0.025847,1
0,0,1,0,1,0,-1,0,0,1,0,0.025949,1
0,0,1,0,1,0,-1,0,0,1,0,0.026056,1
0,0,1,0,1,0,-1,0,0,1,0,0.026168,1
0,0,1,0,1,0,-1,0,0,1,0,0.026286,1
0,0,1,0,1,0,-1,0,0,1,0,0.026409,1
0,0,1,0,1,0,-1,0,0,1,0,0.026538,1
0,0,1,0,1,0,-1,0,0,1,0,0.026673,1
0,0,1,0,1,0,-1,0,0,1,0,0.026813,1
0,0,1,0,1,0,-1,0,0,1,0,0.026958,1
0,0,1,0,1,0,-1,0,0,1,0,0.027108,1
0,0,1,0,1,0,-1,0,0,1,0,0.027264,1
0,0,1,0,1,0,-1,0,0,1,0,0.027425,1
0,0,1,0,1,0,-1,0,0,1,0,0.027592,1
0,0,1,0,1,0,-1,0,0,1,0,0.027764,1
0,0,1,0,1,0,-1,0,0,1,0,0.027941,1
0,0,1,0,1,0,-1,0,0,1,0,0.028123,1
0,0,1,0,1,0,-1,0,0,1,0,0.028311,1
0,0,1,0,1,0,-1,0,0,1,0,0.028504,1
0,0,1,0,1,0,-1,0,0,1,0,0.028701,1
0,0,1,0,1,0,-1,0,0,1,0,0.028904,1
0,0,1,0,1,0,-1,0,0,1,0,0.029113,1
0,0,1,0,1,0,-1,0,0,1,0,0.029326,1
0,0,1,0,1,0,-1,0,0,1,0,0.029544,1
0,0,1,0,1,0,-1,0,0,1,0,0.029767,1
0,0,1,0,1,0,-1,0,0,1,0,0.029996,1
0,0,1,0,1,0,-1,0,0,1,0,0.030229,1
0,0,1,0,1,0,-1,0,0,1,0,0.030467,1
0,0,1,0,1,0,-1,0,0,1,0,0.030711,1
0,0,1,0,1,0,-1,0,0,1,0,0.030959,1
0,0,1,0,1,0,-1,0,0,1,0,0.031212,1
0,0,1,0,1,0,-1,0,0,1,0,0.03147,1
0,0,1,0,1,0,-1,0,0,1,0,0.031732,1
0,0,1,0,1,0,-1,0,0,1,0,0.032,1
0,0,1,0,1,0,-1,0,0,1,0,0.032272,1
0,0,1,0,1,0,-1,0,0,1,0,0.03255,1
0,0,1,0,1,0,-1,0,0,1,0,0.032831,1
0,0,1,0,1,0,-1,0,0,1,0,0.033118,1
0,0,1,0,1,0,-1,0,0,1,0,0.03341,1
0,0,1,0,1,0,-1,0,0,1,0,0.033706,1
0,0,1,0,1,0,-1,0,0,1,0,0.034006,1
0,0,1,0,1,0,-1,0,0,1,0,0.034312,1
0,0,1,0,1,0,-1,0,0,1,0,0.034621,1
0,0,1,0,1,0,-1,0,0,1,0,0.034936,1
0,0,1,0,1,0,-1,0,0,1,0,0.035255,1
0,0,1,0,1,0,-1,0,0,1,0,0.035579,1
0,0,1,0,1,0,-1,0,0,1,0,0.035907,1
0,0,1,0,1,0,-1,0,0,1,0,0.036239,1
0,0,1,0,1,0,-1,0,0,1,0,0.036577,1
0,0,1,0,1,0,-1,0,0,1,0,0.036918,1
0,0,1,0,1,0,-1,0,0,1,0,0.037264,1
0,0,1,0,1,0,-1,0,0,1,0,0.037614,1
0,0,1,0,1,0,-1,0,0,1,0,0.037969,1
0,0,1,0,1,0,-1,0,0,1,0,0.038328,1
0,0,1,0,1,0,-1,0,0,1,0,0.038691,1
0,0,1,0,1,0,-1,0,0,1,0,0.039059,1
0,0,1,0,1,0,-1,0,0,1,0,0.039431,1
0,0,1,0,1,0,-1,0,0,1,0,0.039807,1
0,0,1,0,1,0,-1,0,0,1,0,0.040188,1
0,0,1,0,1,0,-1,0,0,1,0,0.040572,1
0,0,1,0,1,0,-1,0,0,1,0,0.040961,1
0,0,1,0,1,0,-1,0,0,1,0,0.041354,1
0,0,1,0,1,0,-1,0,0,1,0,0.041751,1
0,0,1,0,1,0,-1,0,0,1,0,0.042152,1
0,0,1,0,1,0,-1,0,0,1,0,0.042557,1
0,0,1,0,1,0,-1,0,0,1,0,0.042967,1
0,0,1,0,1,0,-1,0,0,1,0,0.04338,1
0,0,1,0,1,0,-1,0,0,1,0,0.043797,1
0,0,1,0,1,0,-1,0,0,1,0,0.044218,1
0,0,1,0,1,0,-1,0,0,1,0,0.044644,1
0,0,1,0,1,0,-1,0,0,1,0,0.045073,1
0,0,1,0,1,0,-1,0,0,1,0,0.045506,1
0,0,1,0,1,0,-1,0,0,1,0,0.045943,1
0,0,1,0,1,0,-1,0,0,1,0,0.046384,1
0,0,1,0,1,0,-1,0,0,1,0,0.046829,1
0,0,1,0,1,0,-1,0,0,1,0,0.047277,1
0,0,1,0,1,0,-1,0,0,1,0,0.04773,1
0,0,1,0,1,0,-1,0,0,1,0,0.048186,1
0,0,1,0,1,0,-1,0,0,1,0,0.048646,1
0,0,1,0,1,0,-1,0,0,1,0,0.049109,1
0,0,1,0,1,0,-1,0,0,1,0,0.049576,1
0,0,1,0,1,0,-1,0,0,1,0,0.050047,1
0,0,1,0,1,0,-1,0,0,1,0,0.050522,1
0,0,1,0,1,0,-1,0,0,1,0,0.051,1
0,0,1,0,1,0,-1,0,0,1,0,0.051482,1
0,0,1,0,1,0,-1,0,0,1,0,0.051967,1
0,0,1,0,1,0,-1,0,0,1,0,0.052456,1
0,0,1,0,1,0,-1,0,0,1,0,0.052949,1
0,0,1,0,1,0,-1,0,0,1,0,0.053445,1
0,0,1,0,1,0,-1,0,0,1,0,0.053944,1
0,0,1,0,1,0,-1,0,0,1,0,0.054447,1
0,0,1,0,1,0,-1,0,0,1,0,0.054953,1
0,0,1,0,1,0,-1,0,0,1,0,0.055463,1
0,0,1,0,1,0,-1,0,0,1,0,0.055976,1
0,0,1,0,1,0,-1,0,0,1,0,0.056492,1
0,0,1,0,1,0,-1,0,0,1,0,0.057012,1
0,0,1,0,1,0,-1,0,0,1,0,0.057535,1
0,0,1,0,1,0,-1,0,0,1,0,0.058062,1
0,0,1,0,1,0,-1,0,0,1,0,0.058592,1
0,0,1,0,1,0,-1,0,0,1,0,0.059124,1
0,0,1,0,1,0,-1,0,0,1,0,0.059661,1
0,0,1,0,1,0,-1,0,0,1,0,0.0602,1
0,0,1,0,1,0,-1,0,0,1,0,0.060742,1
0,0,1,0,1,0,-1,0,0,1,0,0.061288,1
0,0,1,0,1,0,-1,0,0,1,0,0.061837,1
0,0,1,0,1,0,-1,0,0,1,0,0.062389,1
0,0,1,0,1,0,-1,0,0,1,0,0.062944,1
0,0,1,0,1,0,-1,0,0,1,0,0.063502,1
0,0,1,0,1,0,-1,0,0,1,0,0.064062,1
0,0,1,0,1,0,-1,0,0,1,0,0.064626,1
0,0,1,0,1,0,-1,0,0,1,0,0.065193,1
0,0,1,0,1,0,-1,0,0,1,0,0.065763,1
0,0,1,0,1,0,-1,0,0,1,0,0.066336,1
0,0,1,0,1,0,-1,0,0,1,0,0.066912,1
0,0,1,0,1,0,-1,0,0,1,0,0.067491,1
0,0,1,0,1,0,-1,0,0,1,0,0.068072,1
0,0,1,0,1,0,-1,0,0,1,0,0.068656,1
0,0,1,0,1,0,-1,0,0,1,0,0.069244,1
0,0,1,0,1,0,-1,0,0,1,0,0.069833,1
0,0,1,0,1,0,-1,0,0,1,0,0.070426,1
0,0,1,0,1,0,-1,0,0,1,0,0.071022,1
0,0,1,0,1,0,-1,0,0,1,0,0.07162,1
0,0,1,0,1,0,-1,0,0,1,0,0.072221,1
0,0,1,0,1,0,-1,0,0,1,0,0.072824,1
0,0,1,0,1,0,-1,0,0,1,0,0.07343,1
0,0,1,0,1,0,-1,0,0,1,0,0.074039,1
0,0,1,0,1,0,-1,0,0,1,0,0.07465,1
0,0,1,0,1,0,-1,0,0,1,0,0.075264,1
0,0,1,0,1,0,-1,0,0,1,0,0.07588,1
0,0,1,0,1,0,-1,0,0,1,0,0.076499,1
0,0,1,0,1,0,-1,0,0,1,0,0.077121,1
0,0,1,0,1,0,-1,0,0,1,0,0.077745,1
0,0,1,0,1,0,-1,0,0,1,0,0.078371,1
0,0,1,0,1,0,-1,0,0,1,0,0.079,1
0,0,1,0,1,0,-1,0,0,1,0,0.079631,1
0,0,1,0,1,0,-1,0,0,1,0,0.080265,1
0,0,1,0,1,0,-1,0,0,1,0,0.080901,1
0,0,1,0,1,0,-1,0,0,1,0,0.081539,1
0,0,1,0,1,0,-1,0,0,1,0,0.08218,1
0,0,1,0,1,0,-1,0,0,1,0,0.082822,1
0,0,1,0,1,0,-1,0,0,1,0,0.083467,1
0,0,1,0,1,0,-1,0,0,1,0,0.084115,1
0,0,1,0,1,0,-1,0,0,1,0,0.084764,1
0,0,1,0,1,0,-1,0,0,1,0,0.085416,1
0,0,1,0,1,0,-1,0,0,1,0,0.08607,1
0,0,1,0,1,0,-1,0,0,1,0,0.086726,1
0,0,1,0,1,0,-1,0,0,1,0,0.087384,1
0,0,1,0,1,0,-1,0,0,1,0,0.088044,1
0,0,1,0,1,0,-1,0,0,1,0,0.088707,1
0,0,1,0,1,0,-1,0,0,1,0,0.089371,1
0,0,1,0,1,0,-1,0,0,1,0,0.090037,1
0,0,1,0,1,0,-1,0,0,1,0,0.090705,1
0,0,1,0,1,0,-1,0,0,1,0,0.091376,1
0,0,1,0,1,0,-1,0,0,1,0,0.092048,1
0,0,1,0,1,0,-1,0,0,1,0,0.092722,1
0,0,1,0,1,0,-1,0,0,1,0,0.093398,1
0,0,1,0,1,0,-1,0,0,1,0,0.094076,1
0,0,1,0,1,0,-1,0,0,1,0,0.094756,1
0,0,1,0,1,0,-1,0,0,1,0,0.095437,1
0,0,1,0,1,0,-1,0,0,1,0,0.096121,1
0,0,1,0,1,0,-1,0,0,1,0,0.096806,1
0,0,1,0,1,0,-1,0,0,1,0,0.097493,1
0,0,1,0,1,0,-1,0,0,1,0,0.098182,1
0,0,1,0,1,0,-1,0,0,1,0,0.098872,1
0,0,1,0,1,0,-1,0,0,1,0,0.099564,1
0,0,1,0,1,0,-1,0,0,1,0,0.10026,1
0,0,1,0,1,0,-1,0,0,1,0,0.10095,1
0,0,1,0,1,0,-1,0,0,1,0,0.10165,1
0,0,1,0,1,0,-1,0,0,1,0,0.10235,1
0,0,1,0,1,0,-1,0,0,1,0,0.10305,1
0,0,1,0,1,0,-1,0,0,1,0,0.10375,1
0,0,1,0,1,0,-1,0,0,1,0,0.10445,1
0,0,1,0,1,0,-1,0,0,1,0,0.10516,1
0,0,1,0,1,0,-1,0,0,1,0,0.10586,1
0,0,1,0,1,0,-1,0,0,1,0,0.10657,1
0,0,1,0,1,0,-1,0,0,1,0,0.10728,1
0,0,1,0,1,0,-1,0,0,1,0,0.10799,1
0,0,1,0,1,0,-1,0,0,1,0,0.1087,1
0,0,1,0,1,0,-1,0,0,1,0,0.10942,1
0,0,1,0,1,0,-1,0,0,1,0,0.11013,1
0,0,1,0,1,0,-1,0,0,1,0,0.11085,1
0,0,1,0,1,0,-1,0,0,1,0,0.11156,1
0,0,1,0,1,0,-1,0,0,1,0,0.11228,1
0,0,1,0,1,0,-1,0,0,1,0,0.113,1
0,0,1,0,1,0,-1,0,0,1,0,0.11372,1
0,0,1,0,1,0,-1,0,0,1,0,0.11444,1
0,0,1,0,1,0,-1,0,0,1,0,0.11517,1
0,0,1,0,1,0,-1,0,0,1,0,0.11589,1
0,0,1,0,1,0,-1,0,0,1,0,0.11661,1
0,0,1,0,1,0,-1,0,0,1,0,0.11734,1
0,0,1,0,1,0,-1,0,0,1,0,0.11807,1
0,0,1,0,1,0,-1,0,0,1,0,0.1188,1
0,0,1,0,1,0,-1,0,0,1,0,0.11953,1
0,0,1,0,1,0,-1,0,0,1,0,0.12026,1
0,0,1,0,1,0,-1,0,0,1,0,0.12099,1
0,0,1,0,1,0,-1,0,0,1,0,0.12172,1
0,0,1,0,1,0,-1,0,0,1,0,0.12245,1
0,0,1,0,1,0,-1,0,0,1,0,0.12319,1
0,0,1,0,1,0,-1,0,0,1,0,0.12392,1
0,0,1,0,1,0,-1,0,0,1,0,0.12466,1
0,0,1,0,1,0,-1,0,0,1,0,0.12539,1
0,0,1,0,1,0,-1,0,0,1,0,0.12613,1
0,0,1,0,1,0,-1,0,0,1,0,0.12687,1
0,0,1,0,1,0,-1,0,0,1,0,0.12761,1
0,0,1,0,1,0,-1,0,0,1,0,0.12835,1
0,0,1,0,1,0,-1,0,0,1,0,0.12909,1
0,0,1,0,1,0,-1,0,0,1,0,0.12983,1
0,0,1,0,1,0,-1,0,0,1,0,0.13057,1
0,0,1,0,1,0,-1,0,0,1,0,0.13131,1
0,0,1,0,1,0,-1,0,0,1,0,0.13206,1
0,0,1,0,1,0,-1,0,0,1,0,0.1328,1
0,0,1,0,1,0,-1,0,0,1,0,0.13354,1
0,0,1,0,1,0,-1,0,0,1,0,0.13429,1
0,0,1,0,1,0,-1,0,0,1,0,0.13503,1
0,0,1,0,1,0,-1,0,0,1,0,0.13578,1
0,0,1,0,1,0,-1,0,0,1,0,0.13652,1
0,0,1,0,1,0,-1,0,0,1,0,0.13727,1
0,0,1,0,1,0,-1,0,0,1,0,0.13802,1
0,0,1,0,1,0,-1,0,0,1,0,0.13876,1
0,0,1,0,1,0,-1,0,0,1,0,0.13951,1
0,0,1,0,1,0,-1,0,0,1,0,0.14026,1
0,0,1,0,1,0,-1,0,0,1,0,0.14101,1
0,0,1,0,1,0,-1,0,0,1,0,0.14176,1
0,0,1,0,1,0,-1,0,0,1,0,0.1425,1
0,0,1,0,1,0,-1,0,0,1,0,0.14325,1
0,0,1,0,1,0,-1,0,0,1,0,0.144,1
0,0,1,0,1,0,-1,0,0,1,0,0.14475,1
0,0,1,0,1,0,-1,0,0,1,0,0.1455,1
0,0,1,0,1,0,-1,0,0,1,0,0.14625,1
0,0,1,0,1,0,-1,0,0,1,0,0.147,1
0,0,1,0,1,0,-1,0,0,1,0,0.14775,1
0,0,1,0,1,0,-1,0,0,1,0,0.1485,1
0,0,1,0,1,0,-1,0,0,1,0,0.14925,1
0,0,1,0,1,0,-1,0,0,1,0,0.15,1
0,0,1,0,1,0,-1,0,0,1,0,0.15075,1
0,0,1,0,1,0,-1,0,0,1,0,0.1515,1
0,0,1,0,1,0,-1,0,0,1,0,0.15225,1
0,0,1,0,1,0,-1,0,0,1,0,0.153,1
0,0,1,0,1,0,-1,0,0,1,0,0.15375,1
0,0,1,0,1,0,-1,0,0,1,0,0.1545,1
0,0,1,0,1,0,-1,0,0,1,0,0.15525,1
0,0,1,0,1,0,-1,0,0,1,0,0.156,1
0,0,1,0,1,0,-1,0,0,1,0,0.15675,1
0,0,1,0,1,0,-1,0,0,1,0,0.1575,1
0,0,1,0,1,0,-1,0,0,1,0,0.15824,1
0,0,1,0,1,0,-1,0,0,1,0,0.15899,1
0,0,1,0,1,0,-1,0,0,1,0,0.15974,1
0,0,1,0,1,0,-1,0,0,1,0,0.16049,1
0,0,1,0,1,0,-1,0,0,1,0,0.16124,1
0,0,1,0,1,0,-1,0,0,1,0,0.16198,1
0,0,1,0,1,0,-1,0,0,1,0,0.16273,1
0,0,1,0,1,0,-1,0,0,1,0,0.16348,1
0,0,1,0,1,0,-1,0,0,1,0,0.16422,1
0,0,1,0,1,0,-1,0,0,1,0,0.16497,1
0,0,1,0,1,0,-1,0,0,1,0,0.16571,1
0,0,1,0,1,0,-1,0,0,1,0,0.16646,1
0,0,1,0,1,0,-1,0,0,1,0,0.1672,1
0,0,1,0,1,0,-1,0,0,1,0,0.16794,1
0,0,1,0,1,0,-1,0,0,1,0,0.16869,1
0,0,1,0,1,0,-1,0,0,1,0,0.16943,1
0,0,1,0,1,0,-1,0,0,1,0,0.17017,1
0,0,1,0,1,0,-1,0,0,1,0,0.17091,1
0,0,1,0,1,0,-1,0,0,1,0,0.17165,1
0,0,1,0,1,0,-1,0,0,1,0,0.17239,1
0,0,1,0,1,0,-1,0,0,1,0,0.17313,1
0,0,1,0,1,0,-1,0,0,1,0,0.17387,1
0,0,1,0,1,0,-1,0,0,1,0,0.17461,1
0,0,1,0,1,0,-1,0,0,1,0,0.17534,1
0,0,1,0,1,0,-1,0,0,1,0,0.17608,1
0,0,1,0,1,0,-1,0,0,1,0,0.17681,1
0,0,1,0,1,0,-1,0,0,1,0,0.17755,1
0,0,1,0,1,0,-1,0,0,1,0,0.17828,1
0,0,1,0,1,0,-1,0,0,1,0,0.17901,1
0,0,1,0,1,0,-1,0,0,1,0,0.17974,1
0,0,1,0,1,0,-1,0,0,1,0,0.18047,1
0,0,1,0,1,0,-1,0,0,1,0,0.1812,1
0,0,1,0,1,0,-1,0,0,1,0,0.18193,1
0,0,1,0,1,0,-1,0,0,1,0,0.18266,1
0,0,1,0,1,0,-1,0,0,1,0,0.18339,1
0,0,1,0,1,0,-1,0,0,1,0,0.18411,1
0,0,1,0,1,0,-1,0,0,1,0,0.18483,1
0,0,1,0,1,0,-1,0,0,1,0,0.18556,1
0,0,1,0,1,0,-1,0,0,1,0,0.18628,1
0,0,1,0,1,0,-1,0,0,1,0,0.187,1
0,0,1,0,1,0,-1,0,0,1,0,0.18772,1
0,0,1,0,1,0,-1,0,0,1,0,0.18844,1
0,0,1,0,1,0,-1,0,0,1,0,0.18915,1
0,0,1,0,1,0,-1,0,0,1,0,0.18987,1
0,0,1,0,1,0,-1,0,0,1,0,0.19058,1
0,0,1,0,1,0,-1,0,0,1,0,0.1913,1
0,0,1,0,1,0,-1,0,0,1,0,0.19201,1
0,0,1,0,1,0,-1,0,0,1,0,0.19272,1
0,0,1,0,1,0,-1,0,0,1,0,0.19343,1
0,0,1,0,1,0,-1,0,0,1,0,0.19414,1
0,0,1,0,1,0,-1,0,0,1,0,0.19484,1
0,0,1,0,1,0,-1,0,0,1,0,0.19555,1
0,0,1,0,1,0,-1,0,0,1,0,0.19625,1
0,0,1,0,1,0,-1,0,0,1,0,0.19695,1
0,0,1,0,1,0,-1,0,0,1,0,0.19765,1
0,0,1,0,1,0,-1,0,0,1,0,0.19835,1
0,0,1,0,1,0,-1,0,0,1,0,0.19905,1
0,0,1,0,1,0,-1,0,0,1,0,0.19974,1
0,0,1,0,1,0,-1,0,0,1,0,0.20044,1
0,0,1,0,1,0,-1,0,0,1,0,0.20113,1
0,0,1,0,1,0,-1,0,0,1,0,0.20182,1
0,0,1,0,1,0,-1,0,0,1,0,0.20251,1
0,0,1,0,1,0,-1,0,0,1,0,0.20319,1
0,0,1,0,1,0,-1,0,0,1,0,0.20388,1
0,0,1,0,1,0,-1,0,0,1,0,0.20456,1
0,0,1,0,1,0,-1,0,0,1,0,0.20524,1
0,0,1,0,1,0,-1,0,0,1,0,0.20592,1
0,0,1,0,1,0,-1,0,0,1,0,0.2066,1
0,0,1,0,1,0,-1,0,0,1,0,0.20728,1
0,0,1,0,1,0,-1,0,0,1,0,0.20795,1
0,0,1,0,1,0,-1,0,0,1,0,0.20862,1
0,0,1,0,1,0,-1,0,0,1,0,0.20929,1
0,0,1,0,1,0,-1,0,0,1,0,0.20996,1
0,0,1,0,1,0,-1,0,0,1,0,0.21063,1
0,0,1,0,1,0,-1,0,0,1,0,0.21129,1
0,0,1,0,1,0,-1,0,0,1,0,0.21196,1
0,0,1,0,1,0,-1,0,0,1,0,0.21262,1
0,0,1,0,1,0,-1,0,0,1,0,0.21327,1
0,0,1,0,1,0,-1,0,0,1,0,0.21393,1
0,0,1,0,1,0,-1,0,0,1,0,0.21458,1
0,0,1,0,1,0,-1,0,0,1,0,0.21524,1
0,0,1,0,1,0,-1,0,0,1,0,0.21589,1
0,0,1,0,1,0,-1,0,0,1,0,0.21653,1
0,0,1,0,1,0,-1,0,0,1,0,0.21718,1
0,0,1,0,1,0,-1,0,0,1,0,0.21782,1
0,0,1,0,1,0,-1,0,0,1,0,0.21846,1
0,0,1,0,1,0,-1,0,0,1,0,0.2191,1
0,0,1,0,1,0,-1,0,0,1,0,0.21974,1
0,0,1,0,1,0,-1,0,0,1,0,0.22037,1
0,0,1,0,1,0,-1,0,0,1,0,0.221,1
0,0,1,0,1,0,-1,0,0,1,0,0.22163,1
0,0,1,0,1,0,-1,0,0,1,0,0.22226,1
0,0,1,0,1,0,-1,0,0,1,0,0.22288,1
0,0,1,0,1,0,-1,0,0,1,0,0.2235,1
0,0,1,0,1,0,-1,0,0,1,0,0.22412,1
0,0,1,0,1,0,-1,0,0,1,0,0.22474,1
0,0,1,0,1,0,-1,0,0,1,0,0.22535,1
0,0,1,0,1,0,-1,0,0,1,0,0.22596,1
0,0,1,0,1,0,-1,0,0,1,0,0.22657,1
0,0,1,0,1,0,-1,0,0,1,0,0.22718,1
0,0,1,0,1,0,-1,0,0,1,0,0.22778,1
0,0,1,0,1,0,-1,0,0,1,0,0.22838,1
0,0,1,0,1,0,-1,0,0,1,0,0.22898,1
0,0,1,0,1,0,-1,0,0,1,0,0.22957,1
0,0,1,0,1,0,-1,0,0,1,0,0.23017,1
0,0,1,0,1,0,-1,0,0,1,0,0.23076,1
0,0,1,0,1,0,-1,0,0,1,0,0.23134,1
0,0,1,0,1,0,-1,0,0,1,0,0.23193,1
0,0,1,0,1,0,-1,0,0,1,0,0.23251,1
0,0,1,0,1,0,-1,0,0,1,0,0.23309,1
0,0,1,0,1,0,-1,0,0,1,0,0.23366,1
0,0,1,0,1,0,-1,0,0,1,0,0.23424,1
0,0,1,0,1,0,-1,0,0,1,0,0.23481,1
0,0,1,0,1,0,-1,0,0,1,0,0.23537,1
0,0,1,0,1,0,-1,0,0,1,0,0.23594,1
0,0,1,0,1,0,-1,0,0,1,0,0.2365,1
0,0,1,0,1,0,-1,0,0,1,0,0.23706,1
0,0,1,0,1,0,-1,0,0,1,0,0.23761,1
0,0,1,0,1,0,-1,0,0,1,0,0.23816,1
0,0,1,0,1,0,-1,0,0,1,0,0.23871,1
0,0,1,0,1,0,-1,0,0,1,0,0.23926,1
0,0,1,0,1,0,-1,0,0,1,0,0.2398,1
0,0,1,0,1,0,-1,0,0,1,0,0.24034,1
0,0,1,0,1,0,-1,0,0,1,0,0.24088,1
0,0,1,0,1,0,-1,0,0,1,0,0.24141,1
0,0,1,0,1,0,-1,0,0,1,0,0.24194,1
0,0,1,0,1,0,-1,0,0,1,0,0.24246,1
0,0,1,0,1,0,-1,0,0,1,0,0.24299,1
0,0,1,0,1,0,-1,0,0,1,0,0.24351,1
0,0,1,0,1,0,-1,0,0,1,0,0.24402,1
0,0,1,0,1,0,-1,0,0,1,0,0.24454,1
0,0,1,0,1,0,-1,0,0,1,0,0.24505,1
0,0,1,0,1,0,-1,0,0,1,0,0.24555,1
0,0,1,0,1,0,-1,0,0,1,0,0.24606,1
0,0,1,0,1,0,-1,0,0,1,0,0.24656,1
0,0,1,0,1,0,-1,0,0,1,0,0.24705,1
0,0,1,0,1,0,-1,0,0,1,0,0.24754,1
0,0,1,0,1,0,-1,0,0,1,0,0.24803,1
0,0,1,0,1,0,-1,0,0,1,0,0.24852,1
0,0,1,0,1,0,-1,0,0,1,0,0.249,1
0,0,1,0,1,0,-1,0,0,1,0,0.24948,1
0,0,1,0,1,0,-1,0,0,1,0,0.24995,1
0,0,1,0,1,0,-1,0,0,1,0,0.25042,1
0,0,1,0,1,0,-1,0,0,1,0,0.25089,1
0,0,1,0,1,0,-1,0,0,1,0,0.25135,1
0,0,1,0,1,0,-1,0,0,1,0,0.25181,1
0,0,1,0,1,0,-1,0,0,1,0,0.25227,1
0,0,1,0,1,0,-1,0,0,1,0,0.25272,1
0,0,1,0,1,0,-1,0,0,1,0,0.25317,1
0,0,1,0,1,0,-1,0,0,1,0,0.25362,1
0,0,1,0,1,0,-1,0,0,1,0,0.25406,1
0,0,1,0,1,0,-1,0,0,1,0,0.25449,1
0,0,1,0,1,0,-1,0,0,1,0,0.25493,1
0,0,1,0,1,0,-1,0,0,1,0,0.25536,1
0,0,1,0,1,0,-1,0,0,1,0,0.25578,1
0,0,1,0,1,0,-1,0,0,1,0,0.2562,1
0,0,1,0,1,0,-1,0,0,1,0,0.25662,1
0,0,1,0,1,0,-1,0,0,1,0,0.25703,1
0,0,1,0,1,0,-1,0,0,1,0,0.25744,1
0,0,1,0,1,0,-1,0,0,1,0,0.25785,1
0,0,1,0,1,0,-1,0,0,1,0,0.25825,1
0,0,1,0,1,0,-1,0,0,1,0,0.25865,1
0,0,1,0,1,0,-1,0,0,1,0,0.25904,1
0,0,1,0,1,0,-1,0,0,1,0,0.25943,1
0,0,1,0,1,0,-1,0,0,1,0,0.25981,1
0,0,1,0,1,0,-1,0,0,1,0,0.26019,1
0,0,1,0,1,0,-1,0,0,1,0,0.26057,1
0,0,1,0,1,0,-1,0,0,1,0,0.26094,1
0,0,1,0,1,0,-1,0,0,1,0,0.26131,1
0,0,1,0,1,0,-1,0,0,1,0,0.26167,1
0,0,1,0,1,0,-1,0,0,1,0,0.26203,1
0,0,1,0,1,0,-1,0,0,1,0,0.26239,1
0,0,1,0,1,0,-1,0,0,1,0,0.26274,1
0,0,1,0,1,0,-1,0,0,1,0,0.26308,1
0,0,1,0,1,0,-1,0,0,1,0,0.26342,1
0,0,1,0,1,0,-1,0,0,1,0,0.26376,1
0,0,1,0,1,0,-1,0,0,1,0,0.26409,1
0,0,1,0,1,0,-1,0,0,1,0,0.26442,1
0,0,1,0,1,0,-1,0,0,1,0,0.26474,1
0,0,1,0,1,0,-1,0,0,1,0,0.26506,1
0,0,1,0,1,0,-1,0,0,1,0,0.26538,1
0,0,1,0,1,0,-1,0,0,1,0,0.26569,1
0,0,1,0,1,0,-1,0,0,1,0,0.26599,1
0,0,1,0,1,0,-1,0,0,1,0,0.26629,1
0,0,1,0,1,0,-1,0,0,1,0,0.26659,1
0,0,1,0,1,0,-1,0,0,1,0,0.26688,1
0,0,1,0,1,0,-1,0,0,1,0,0.26717,1
0,0,1,0,1,0,-1,0,0,1,0,0.26745,1
0,0,1,0,1,0,-1,0,0,1,0,0.26773,1
0,0,1,0,1,0,-1,0,0,1,0,0.268,1
0,0,1,0,1,0,-1,0,0,1,0,0.26827,1
0,0,1,0,1,0,-1,0,0,1,0,0.26853,1
0,0,1,0,1,0,-1,0,0,1,0,0.26879,1
0,0,1,0,1,0,-1,0,0,1,0,0.26904,1
0,0,1,0,1,0,-1,0,0,1,0,0.26929,1
0,0,1,0,1,0,-1,0,0,1,0,0.26953,1
0,0,1,0,1,0,-1,0,0,1,0,0.26977,1
0,0,1,0,1,0,-1,0,0,1,0,0.27,1
0,0,1,0,1,0,-1,0,0,1,0,0.27023,1
0,0,1,0,1,0,-1,0,0,1,0,0.27046,1
0,0,1,0,1,0,-1,0,0,1,0,0.27067,1
0,0,1,0,1,0,-1,0,0,1,0,0.27089,1
0,0,1,0,1,0,-1,0,0,1,0,0.2711,1
0,0,1,0,1,0,-1,0,0,1,0,0.2713,1
0,0,1,0,1,0,-1,0,0,1,0,0.2715,1
0,0,1,0,1,0,-1,0,0,1,0,0.27169,1
0,0,1,0,1,0,-1,0,0,1,0,0.27188,1
0,0,1,0,1,0,-1,0,0,1,0,0.27206,1
0,0,1,0,1,0,-1,0,0,1,0,0.27224,1
0,0,1,0,1,0,-1,0,0,1,0,0.27241,1
0,0,1,0,1,0,-1,0,0,1,0,0.27257,1
0,0,1,0,1,0,-1,0,0,1,0,0.27274,1
0,0,1,0,1,0,-1,0,0,1,0,0.27289,1
0,0,1,0,1,0,-1,0,0,1,0,0.27304,1
0,0,1,0,1,0,-1,0,0,1,0,0.27319,1
0,0,1,0,1,0,-1,0,0,1,0,0.27333,1
0,0,1,0,1,0,-1,0,0,1,0,0.27346,1
0,0,1,0,1,0,-1,0,0,1,0,0.27359,1
0,0,1,0,1,0,-1,0,0,1,0,0.27371,1
0,0,1,0,1,0,-1,0,0,1,0,0.27383,1
0,0,1,0,1,0,-1,0,0,1,0,0.27394,1
0,0,1,0,1,0,-1,0,0,1,0,0.27405,1
0,0,1,0,1,0,-1,0,0,1,0,0.27415,1
0,0,1,0,1,0,-1,0,0,1,0,0.27425,1
0,0,1,0,1,0,-1,0,0,1,0,0.27434,1
0,0,1,0,1,0,-1,0,0,1,0,0.27442,1
0,0,1,0,1,0,-1,0,0,1,0,0.2745,1
0,0,1,0,1,0,-1,0,0,1,0,0.27457,1
0,0,1,0,1,0,-1,0,0,1,0,0.27464,1
0,0,1,0,1,0,-1,0,0,1,0,0.2747,1
0,0,1,0,1,0,-1,0,0,1,0,0.27476,1
0,0,1,0,1,0,-1,0,0,1,0,0.27481,1
0,0,1,0,1,0,-1,0,0,1,0,0.27485,1
0,0,1,0,1,0,-1,0,0,1,0,0.27489,1
0,0,1,0,1,0,-1,0,0,1,0,0.27493,1
0,0,1,0,1,0,-1,0,0,1,0,0.27495,1
0,0,1,0,1,0,-1,0,0,1,0,0.27497,1
0,0,1,0,1,0,-1,0,0,1,0,0.27499,1
0,0,1,0,1,0,-1,0,0,1,0,0.275,1
